id;profile_id;event_type;description;screen_name;event_timestamp;status;language_id;autonym_script;is_selective_download;extra;source_file;ingested_at
3704c4b6-5d6b-4726-bff6-411920bfcc88;BWT-WIF-ABW-LAY-U1;selected;User selected language version: Ethiopia - English;language_list_screen;1789798718169;selected;d6e10239c4eb4b90b3cbb9ae1986907d;Ethiopia - English;;"{""device_model"": ""RMX3842"", ""languageVersion"": ""null""}";BWT-WIF-ABW-LAY-U1_4458b253-6c56-440e-83ff-0643df7a47ab;2026-09-19 06:20:31.317164+00
b7ff1d69-504d-479b-aaa0-9391a3e7f13d;BWT-WIF-ABW-LAY-U1;downloaded;Download without videos: Ethiopia - English;language_list_screen;1789798719099;completed;d6e10239c4eb4b90b3cbb9ae1986907d;Ethiopia - English;1;"{""device_model"": ""RMX3842"", ""languageVersion"": ""null""}";BWT-WIF-ABW-LAY-U1_4458b253-6c56-440e-83ff-0643df7a47ab;2026-09-19 06:20:31.317168+00
538b79f1-37cf-40eb-8b95-7d32654198d5;BWT-WIF-ABW-LAY-U1;downloaded;Preparing language assets for download on onboarding screen;onboarding_screen;1789798732012;completed;d6e10239c4eb4b90b3cbb9ae1986907d;Ethiopia - English;;"{""device_model"": ""RMX3842""}";BWT-WIF-ABW-LAY-U1_4458b253-6c56-440e-83ff-0643df7a47ab;2026-09-19 06:20:31.31717+00
30cf2657-c0e8-4b7d-aa78-f00a3a0a2b28;BWT-YQA-NMG-OIO-U1;selected;User selected language version: English;language_list_screen;1789923656443;selected;289c0715e027451abc8edfdb361119bf;English;;"{""device_model"": ""Android SDK built for x86"", ""languageVersion"": ""null""}";BWT-YQA-NMG-OIO-U1_f2afee9c-c09a-4b3c-9a83-a8fc8ded1610;2026-09-21 00:00:07.70649+00
b7729ff9-42f6-4e53-aa79-089fdaf93301;BWT-YQA-NMG-OIO-U1;cancelled;User cancelled language download: English;language_list_screen;1789923659695;cancelled;289c0715e027451abc8edfdb361119bf;English;;"{""device_model"": ""Android SDK built for x86"", ""languageVersion"": ""null""}";BWT-YQA-NMG-OIO-U1_f2afee9c-c09a-4b3c-9a83-a8fc8ded1610;2026-09-21 00:00:07.706495+00
f9f29677-c41f-4695-82c6-ba479371c2a4;BWT-YQA-NMG-OIO-U1;selected;User selected language version: English;language_list_screen;1789923670184;selected;289c0715e027451abc8edfdb361119bf;English;;"{""device_model"": ""Android SDK built for x86"", ""languageVersion"": ""null""}";BWT-YQA-NMG-OIO-U1_f2afee9c-c09a-4b3c-9a83-a8fc8ded1610;2026-09-21 00:00:07.706498+00
337e2224-f98e-4a86-8b18-58a0dbdcc5cb;BWT-YQA-NMG-OIO-U1;downloaded;Download without videos: English;language_list_screen;1789923671953;completed;289c0715e027451abc8edfdb361119bf;English;1;"{""device_model"": ""Android SDK built for x86"", ""languageVersion"": ""null""}";BWT-YQA-NMG-OIO-U1_f2afee9c-c09a-4b3c-9a83-a8fc8ded1610;2026-09-21 00:00:07.706501+00
7fd5b142-4a7f-431c-af6b-d1f97b35e13e;BWT-YQA-NMG-OIO-U1;downloaded;Preparing language assets for download on onboarding screen;onboarding_screen;1789923705473;completed;289c0715e027451abc8edfdb361119bf;English;;"{""device_model"": ""Android SDK built for x86""}";BWT-YQA-NMG-OIO-U1_f2afee9c-c09a-4b3c-9a83-a8fc8ded1610;2026-09-21 00:00:07.706503+00
dfe2852b-2525-4907-a6d3-ca213d7f28b0;BWT-ZQP-UGZ-EDR-U1;cancelled;User cancelled language download: Afghanistan;language_list_screen;1789979177815;cancelled;ce6c5142689e4be5abb4f2aed46a688d;Afghanistan;;"{""device_model"": ""Pixel 7"", ""languageVersion"": ""null""}";BWT-ZQP-UGZ-EDR-U1_3d76aba7-b872-4238-bf5a-f110465cae90;2026-09-21 12:00:08.837925+00
937b6030-c95e-42ea-8c93-1eb0a525d171;BWT-ZQP-UGZ-EDR-U1;selected;User selected language version: Arabic;language_list_screen;1789979183344;selected;d2c99bcb8ce7481bb80583b091c6e715;Portuguese;;"{""device_model"": ""Pixel 7"", ""languageVersion"": ""null""}";BWT-ZQP-UGZ-EDR-U1_3d76aba7-b872-4238-bf5a-f110465cae90;2026-09-21 12:00:08.837928+00
337b1e1d-261f-42a4-961c-3efe866f86ad;BWT-ZQP-UGZ-EDR-U1;cancelled;User cancelled language download: Arabic;language_list_screen;1789979185883;cancelled;d2c99bcb8ce7481bb80583b091c6e715;Arabic;;"{""device_model"": ""Pixel 7"", ""languageVersion"": ""null""}";BWT-ZQP-UGZ-EDR-U1_3d76aba7-b872-4238-bf5a-f110465cae90;2026-09-21 12:00:08.83793+00
c870317e-b9b8-441e-80e0-b37281f79371;BWT-ZQP-UGZ-EDR-U1;selected;User selected language version: Arabic;language_list_screen;1789979194700;selected;d2c99bcb8ce7481bb80583b091c6e715;Portuguese;;"{""device_model"": ""Pixel 7"", ""languageVersion"": ""null""}";BWT-ZQP-UGZ-EDR-U1_3d76aba7-b872-4238-bf5a-f110465cae90;2026-09-21 12:00:08.837932+00
38d1cf40-fd4b-4519-8115-2bdfd9ca2039;BWT-ZQP-UGZ-EDR-U1;cancelled;User cancelled language download: Arabic;language_list_screen;1789979195822;cancelled;d2c99bcb8ce7481bb80583b091c6e715;Arabic;;"{""device_model"": ""Pixel 7"", ""languageVersion"": ""null""}";BWT-ZQP-UGZ-EDR-U1_3d76aba7-b872-4238-bf5a-f110465cae90;2026-09-21 12:00:08.837934+00
bdc24e2c-4435-43b7-b1da-1befcbc6b9a7;BWT-ZQP-UGZ-EDR-U1;selected;User selected language version: Spanish;language_list_screen;1789979197257;selected;dbfe8365037d40de961aaeabf7ede35e;Portuguese;;"{""device_model"": ""Pixel 7"", ""languageVersion"": ""null""}";BWT-ZQP-UGZ-EDR-U1_3d76aba7-b872-4238-bf5a-f110465cae90;2026-09-21 12:00:08.837935+00
60a3a3ae-ef77-4283-a4b3-c899c2e0ff01;BWT-ZQP-UGZ-EDR-U1;cancelled;User cancelled language download: Spanish;language_list_screen;1789979198295;cancelled;dbfe8365037d40de961aaeabf7ede35e;Spanish;;"{""device_model"": ""Pixel 7"", ""languageVersion"": ""null""}";BWT-ZQP-UGZ-EDR-U1_3d76aba7-b872-4238-bf5a-f110465cae90;2026-09-21 12:00:08.837937+00
b320bd0b-426d-43a2-8a4b-cdc835572770;BWT-ZQP-UGZ-EDR-U1;selected;User selected language version: Rwanda - French;language_list_screen;1789979199688;selected;b3af23a5b9624981a786fd8361985be0;Portuguese;;"{""device_model"": ""Pixel 7"", ""languageVersion"": ""null""}";BWT-ZQP-UGZ-EDR-U1_3d76aba7-b872-4238-bf5a-f110465cae90;2026-09-21 12:00:08.837939+00
fe2c9e25-3a6c-4a26-ab28-6deff7b9c885;BWT-ZQP-UGZ-EDR-U1;cancelled;User cancelled language download: Rwanda - French;language_list_screen;1789979201732;cancelled;b3af23a5b9624981a786fd8361985be0;Rwanda - French;;"{""device_model"": ""Pixel 7"", ""languageVersion"": ""null""}";BWT-ZQP-UGZ-EDR-U1_3d76aba7-b872-4238-bf5a-f110465cae90;2026-09-21 12:00:08.837941+00
c2639bf6-a492-40b5-ab61-62ae18b88068;BWT-ZQP-UGZ-EDR-U1;selected;User selected language version: French;language_list_screen;1789979203117;selected;f3195a61b68d4fdb84ae729e8d0aaccc;Portuguese;;"{""device_model"": ""Pixel 7"", ""languageVersion"": ""null""}";BWT-ZQP-UGZ-EDR-U1_3d76aba7-b872-4238-bf5a-f110465cae90;2026-09-21 12:00:08.837943+00
2ea61721-6a1c-42c3-95a7-8311b4f287d5;BWT-ZQP-UGZ-EDR-U1;cancelled;User cancelled language download: French;language_list_screen;1789979204569;cancelled;f3195a61b68d4fdb84ae729e8d0aaccc;French;;"{""device_model"": ""Pixel 7"", ""languageVersion"": ""null""}";BWT-ZQP-UGZ-EDR-U1_3d76aba7-b872-4238-bf5a-f110465cae90;2026-09-21 12:00:08.837945+00
5216141e-5481-424c-92df-a4d387b31396;BWT-ZQP-UGZ-EDR-U1;selected;User selected language version: Ethiopia - Amharic;language_list_screen;1789979208967;selected;1300fa32d2c54f12bffdbc0bdb87ae6f;Portuguese;;"{""device_model"": ""Pixel 7"", ""languageVersion"": ""null""}";BWT-ZQP-UGZ-EDR-U1_3d76aba7-b872-4238-bf5a-f110465cae90;2026-09-21 12:00:08.837946+00
d3382d25-a5b0-4643-bc9e-b1b65992df61;BWT-ZQP-UGZ-EDR-U1;cancelled;User cancelled language download: Ethiopia - Amharic;language_list_screen;1789979209766;cancelled;1300fa32d2c54f12bffdbc0bdb87ae6f;Ethiopia - Amharic;;"{""device_model"": ""Pixel 7"", ""languageVersion"": ""null""}";BWT-ZQP-UGZ-EDR-U1_3d76aba7-b872-4238-bf5a-f110465cae90;2026-09-21 12:00:08.837948+00
10fe21f0-d9b7-49e4-aafa-990cfe82c232;BWT-ZQP-UGZ-EDR-U1;selected;User selected language version: Ethiopia - Afaan Oromo;language_list_screen;1789979212593;selected;47d3527babd24e5594eec3fa42b681e0;Portuguese;;"{""device_model"": ""Pixel 7"", ""languageVersion"": ""null""}";BWT-ZQP-UGZ-EDR-U1_3d76aba7-b872-4238-bf5a-f110465cae90;2026-09-21 12:00:08.83795+00
1b138e02-99c9-4c00-93a8-7ec85a52a4c1;BWT-ZQP-UGZ-EDR-U1;cancelled;User cancelled language download: Ethiopia - Afaan Oromo;language_list_screen;1789979213725;cancelled;47d3527babd24e5594eec3fa42b681e0;Ethiopia - Afaan Oromo;;"{""device_model"": ""Pixel 7"", ""languageVersion"": ""null""}";BWT-ZQP-UGZ-EDR-U1_3d76aba7-b872-4238-bf5a-f110465cae90;2026-09-21 12:00:08.837951+00
72e6dace-ea76-4ff2-82d9-38709b6f4777;BWT-ZQP-UGZ-EDR-U1;selected;User selected language version: Portuguese;language_list_screen;1789979218651;selected;bd7c3bea339c467f880a8bca6d2ef2c1;Portuguese;;"{""device_model"": ""Pixel 7"", ""languageVersion"": ""null""}";BWT-ZQP-UGZ-EDR-U1_3d76aba7-b872-4238-bf5a-f110465cae90;2026-09-21 12:00:08.837953+00
25e789e1-23ee-4c6b-9d35-e8a113f7397b;BWT-ZQP-UGZ-EDR-U1;cancelled;User cancelled language download: Portuguese;language_list_screen;1789979219686;cancelled;bd7c3bea339c467f880a8bca6d2ef2c1;Portuguese;;"{""device_model"": ""Pixel 7"", ""languageVersion"": ""null""}";BWT-ZQP-UGZ-EDR-U1_3d76aba7-b872-4238-bf5a-f110465cae90;2026-09-21 12:00:08.837955+00
23d47cd2-89af-400c-9433-66fbc72d198b;BWT-ZQP-UGZ-EDR-U1;selected;User selected language version: English;language_list_screen;1789979221170;selected;289c0715e027451abc8edfdb361119bf;Portuguese;;"{""device_model"": ""Pixel 7"", ""languageVersion"": ""null""}";BWT-ZQP-UGZ-EDR-U1_3d76aba7-b872-4238-bf5a-f110465cae90;2026-09-21 12:00:08.837956+00
7731b4f3-942c-4acf-b0a5-aa6bc2b3152d;BWT-ZQP-UGZ-EDR-U1;cancelled;User cancelled language download: English;language_list_screen;1789979222183;cancelled;289c0715e027451abc8edfdb361119bf;English;;"{""device_model"": ""Pixel 7"", ""languageVersion"": ""null""}";BWT-ZQP-UGZ-EDR-U1_3d76aba7-b872-4238-bf5a-f110465cae90;2026-09-21 12:00:08.837958+00
"023bb0f3-5bc4-4b71-a99e-a038d641e514";BWT-ZQP-UGZ-EDR-U1;selected;User selected language version: Moldova;language_list_screen;1789979224186;selected;78773f3391884d1aa861a82f7ea9034d;Portuguese;;"{""device_model"": ""Pixel 7"", ""languageVersion"": ""null""}";BWT-ZQP-UGZ-EDR-U1_3d76aba7-b872-4238-bf5a-f110465cae90;2026-09-21 12:00:08.83796+00
2d8f1788-cafa-4f71-bbc6-01757df43569;BWT-ZQP-UGZ-EDR-U1;cancelled;User cancelled language download: Moldova;language_list_screen;1789979225079;cancelled;78773f3391884d1aa861a82f7ea9034d;Moldova;;"{""device_model"": ""Pixel 7"", ""languageVersion"": ""null""}";BWT-ZQP-UGZ-EDR-U1_3d76aba7-b872-4238-bf5a-f110465cae90;2026-09-21 12:00:08.837961+00
e034c713-5152-4d32-8160-89b46e2d8808;BWT-ZQP-UGZ-EDR-U1;selected;User selected language version: Kyrgyzstan - Kyrgyz;language_list_screen;1789979228133;selected;fada7ff0808849ee97b1ebae764d2873;Portuguese;;"{""device_model"": ""Pixel 7"", ""languageVersion"": ""null""}";BWT-ZQP-UGZ-EDR-U1_3d76aba7-b872-4238-bf5a-f110465cae90;2026-09-21 12:00:08.837963+00
fb088a83-7c55-4aa4-b444-97f1ab0ced4a;BWT-ZQP-UGZ-EDR-U1;cancelled;User cancelled language download: Kyrgyzstan - Kyrgyz;language_list_screen;1789979229558;cancelled;fada7ff0808849ee97b1ebae764d2873;Kyrgyzstan - Kyrgyz;;"{""device_model"": ""Pixel 7"", ""languageVersion"": ""null""}";BWT-ZQP-UGZ-EDR-U1_3d76aba7-b872-4238-bf5a-f110465cae90;2026-09-21 12:00:08.837965+00
f183593b-6c30-4153-9740-da2c23ef89e1;BWT-ZQP-UGZ-EDR-U1;selected;User selected language version: Spanish;language_list_screen;1789979232446;selected;dbfe8365037d40de961aaeabf7ede35e;Portuguese;;"{""device_model"": ""Pixel 7"", ""languageVersion"": ""null""}";BWT-ZQP-UGZ-EDR-U1_3d76aba7-b872-4238-bf5a-f110465cae90;2026-09-21 12:00:08.837966+00
b0c9331d-d2c6-43fb-9ffe-9210e947207b;BWT-ZQP-UGZ-EDR-U1;downloaded;Download without videos: Spanish;language_list_screen;1789979233593;completed;dbfe8365037d40de961aaeabf7ede35e;Spanish;1;"{""device_model"": ""Pixel 7"", ""languageVersion"": ""null""}";BWT-ZQP-UGZ-EDR-U1_3d76aba7-b872-4238-bf5a-f110465cae90;2026-09-21 12:00:08.837968+00
e39de321-9705-46de-b0bb-4654c6d15818;BWT-ZQP-UGZ-EDR-U1;cancelled;User cancelled language download: Spanish;language_list_screen;1789979234766;cancelled;dbfe8365037d40de961aaeabf7ede35e;Spanish;;"{""device_model"": ""Pixel 7"", ""languageVersion"": ""null""}";BWT-ZQP-UGZ-EDR-U1_3d76aba7-b872-4238-bf5a-f110465cae90;2026-09-21 12:00:08.837969+00
16f24698-8b2e-470d-940f-d66cd9d85a0f;BWT-ZQP-UGZ-EDR-U1;selected;User selected language version: French;language_list_screen;1789979238339;selected;f3195a61b68d4fdb84ae729e8d0aaccc;Portuguese;;"{""device_model"": ""Pixel 7"", ""languageVersion"": ""null""}";BWT-ZQP-UGZ-EDR-U1_3d76aba7-b872-4238-bf5a-f110465cae90;2026-09-21 12:00:08.837971+00
41c1a2db-feb3-4ae1-8c4e-38d43ff2d54d;BWT-ZQP-UGZ-EDR-U1;cancelled;User cancelled language download: French;language_list_screen;1789979240395;cancelled;f3195a61b68d4fdb84ae729e8d0aaccc;French;;"{""device_model"": ""Pixel 7"", ""languageVersion"": ""null""}";BWT-ZQP-UGZ-EDR-U1_3d76aba7-b872-4238-bf5a-f110465cae90;2026-09-21 12:00:08.837973+00
bd98b02d-89a7-4e83-89fd-bd20aa083b86;BWT-ZQP-UGZ-EDR-U1;selected;User selected language version: Bangladesh - Bangla;language_list_screen;1789979242901;selected;7b5c6d2548de4ec7a84335c592c2d05b;Portuguese;;"{""device_model"": ""Pixel 7"", ""languageVersion"": ""null""}";BWT-ZQP-UGZ-EDR-U1_3d76aba7-b872-4238-bf5a-f110465cae90;2026-09-21 12:00:08.837974+00
a424a022-4589-45a8-b033-1192b9f8fb18;BWT-ZQP-UGZ-EDR-U1;cancelled;User cancelled language download: Bangladesh - Bangla;language_list_screen;1789979244027;cancelled;7b5c6d2548de4ec7a84335c592c2d05b;Bangladesh - Bangla;;"{""device_model"": ""Pixel 7"", ""languageVersion"": ""null""}";BWT-ZQP-UGZ-EDR-U1_3d76aba7-b872-4238-bf5a-f110465cae90;2026-09-21 12:00:08.837976+00
c73ec5ba-9dcf-482c-8041-e7fa87786790;BWT-ZQP-UGZ-EDR-U1;selected;User selected language version: Cambodia;language_list_screen;1789979245269;selected;224d980101ef45ec9810730b87767c37;Portuguese;;"{""device_model"": ""Pixel 7"", ""languageVersion"": ""null""}";BWT-ZQP-UGZ-EDR-U1_3d76aba7-b872-4238-bf5a-f110465cae90;2026-09-21 12:00:08.837978+00
6594c92f-1e13-4200-92f7-8ae65cf8494e;BWT-ZQP-UGZ-EDR-U1;cancelled;User cancelled language download: Cambodia;language_list_screen;1789979246425;cancelled;224d980101ef45ec9810730b87767c37;Cambodia;;"{""device_model"": ""Pixel 7"", ""languageVersion"": ""null""}";BWT-ZQP-UGZ-EDR-U1_3d76aba7-b872-4238-bf5a-f110465cae90;2026-09-21 12:00:08.837979+00
8ad41c6a-543b-44a3-8857-58949967fff9;BWT-ZQP-UGZ-EDR-U1;selected;User selected language version: Benin;language_list_screen;1789979247683;selected;3de161d3576648868cb0e8ce72b5fe81;Portuguese;;"{""device_model"": ""Pixel 7"", ""languageVersion"": ""null""}";BWT-ZQP-UGZ-EDR-U1_3d76aba7-b872-4238-bf5a-f110465cae90;2026-09-21 12:00:08.837981+00
3dee6ed2-2b2f-4915-bc48-130104e13a15;BWT-ZQP-UGZ-EDR-U1;cancelled;User cancelled language download: Benin;language_list_screen;1789979248632;cancelled;3de161d3576648868cb0e8ce72b5fe81;Benin;;"{""device_model"": ""Pixel 7"", ""languageVersion"": ""null""}";BWT-ZQP-UGZ-EDR-U1_3d76aba7-b872-4238-bf5a-f110465cae90;2026-09-21 12:00:08.837983+00
ea12c65a-0520-49c2-917a-0da5e63d0413;BWT-ZQP-UGZ-EDR-U1;selected;User selected language version: Spanish;language_list_screen;1789979256178;selected;dbfe8365037d40de961aaeabf7ede35e;Portuguese;;"{""device_model"": ""Pixel 7"", ""languageVersion"": ""null""}";BWT-ZQP-UGZ-EDR-U1_3d76aba7-b872-4238-bf5a-f110465cae90;2026-09-21 12:00:08.837984+00
"0630e898-cf3a-4d39-a61d-94cc155e7376";BWT-ZQP-UGZ-EDR-U1;cancelled;User cancelled language download: Spanish;language_list_screen;1789979258084;cancelled;dbfe8365037d40de961aaeabf7ede35e;Spanish;;"{""device_model"": ""Pixel 7"", ""languageVersion"": ""null""}";BWT-ZQP-UGZ-EDR-U1_3d76aba7-b872-4238-bf5a-f110465cae90;2026-09-21 12:00:08.837986+00
53519410-2d1c-4446-b3d4-d2a9e47658d6;BWT-ZQP-UGZ-EDR-U1;selected;User selected language version: English;language_list_screen;1789979260748;selected;289c0715e027451abc8edfdb361119bf;Portuguese;;"{""device_model"": ""Pixel 7"", ""languageVersion"": ""null""}";BWT-ZQP-UGZ-EDR-U1_3d76aba7-b872-4238-bf5a-f110465cae90;2026-09-21 12:00:08.837988+00
72992af1-a699-49c2-ac1d-babc33efb60a;BWT-ZQP-UGZ-EDR-U1;cancelled;User cancelled language download: English;language_list_screen;1789979261867;cancelled;289c0715e027451abc8edfdb361119bf;English;;"{""device_model"": ""Pixel 7"", ""languageVersion"": ""null""}";BWT-ZQP-UGZ-EDR-U1_3d76aba7-b872-4238-bf5a-f110465cae90;2026-09-21 12:00:08.837989+00
a86c5183-fb7b-481c-8f1b-28980df3f5e0;BWT-ZQP-UGZ-EDR-U1;selected;User selected language version: Portuguese;language_list_screen;1789979173267;selected;bd7c3bea339c467f880a8bca6d2ef2c1;Portuguese;;"{""device_model"": ""Pixel 7"", ""languageVersion"": ""null""}";BWT-ZQP-UGZ-EDR-U1_690c9d31-fe0a-4783-9d3e-2f014dfd2774;2026-09-21 12:00:08.837991+00
b44093d6-a31e-4d86-aa0c-1023314fa937;BWT-ZQP-UGZ-EDR-U1;downloaded;User confirmed download for language: Portuguese;language_list_screen;1789979174346;completed;bd7c3bea339c467f880a8bca6d2ef2c1;Portuguese;;"{""device_model"": ""Pixel 7"", ""languageVersion"": ""null""}";BWT-ZQP-UGZ-EDR-U1_690c9d31-fe0a-4783-9d3e-2f014dfd2774;2026-09-21 12:00:08.837993+00
9a4c4016-55b7-4bad-8f62-4017f948ad0d;BWT-ZQP-UGZ-EDR-U1;cancelled;User cancelled language download: Portuguese;language_list_screen;1789979175507;cancelled;bd7c3bea339c467f880a8bca6d2ef2c1;Portuguese;;"{""device_model"": ""Pixel 7"", ""languageVersion"": ""null""}";BWT-ZQP-UGZ-EDR-U1_690c9d31-fe0a-4783-9d3e-2f014dfd2774;2026-09-21 12:00:08.837994+00
73ad5c88-e9bc-4227-bf3c-c7369b8e271a;BWT-ZQP-UGZ-EDR-U1;selected;User selected language version: Afghanistan;language_list_screen;1789979176911;selected;ce6c5142689e4be5abb4f2aed46a688d;Portuguese;;"{""device_model"": ""Pixel 7"", ""languageVersion"": ""null""}";BWT-ZQP-UGZ-EDR-U1_690c9d31-fe0a-4783-9d3e-2f014dfd2774;2026-09-21 12:00:08.837996+00
ac8dee9f-be59-431d-b25f-31abd5952e8d;BWT-ZQP-YKS-ITJ-U1;selected;User selected language version: Portuguese;language_list_screen;1789979183438;selected;bd7c3bea339c467f880a8bca6d2ef2c1;Uzbekistan - Russian;;"{""languageVersion"": ""null""}";BWT-ZQP-YKS-ITJ-U1_d723dcb6-cdf3-4418-8400-1397ed072941;2026-09-21 12:00:08.961696+00
f6ca1bfb-5d9c-4a61-9046-0199a47df58d;BWT-ZQP-YKS-ITJ-U1;downloaded;User confirmed download for language: Portuguese;language_list_screen;1789979185444;completed;bd7c3bea339c467f880a8bca6d2ef2c1;Uzbekistan - Russian;;"{""languageVersion"": ""null""}";BWT-ZQP-YKS-ITJ-U1_d723dcb6-cdf3-4418-8400-1397ed072941;2026-09-21 12:00:08.961699+00
e74b844e-ec0d-433e-8ae6-feb896f24acf;BWT-ZQP-YKS-ITJ-U1;cancelled;User cancelled language download: Portuguese;language_list_screen;1789979187286;cancelled;bd7c3bea339c467f880a8bca6d2ef2c1;Portuguese;;"{""languageVersion"": ""null""}";BWT-ZQP-YKS-ITJ-U1_d723dcb6-cdf3-4418-8400-1397ed072941;2026-09-21 12:00:08.961701+00
7fab2ae0-ba3e-42f0-9617-ac58aa64ba28;BWT-ZQP-YKS-ITJ-U1;selected;User selected language version: Afghanistan;language_list_screen;1789979190110;selected;ce6c5142689e4be5abb4f2aed46a688d;Uzbekistan - Russian;;"{""languageVersion"": ""null""}";BWT-ZQP-YKS-ITJ-U1_d723dcb6-cdf3-4418-8400-1397ed072941;2026-09-21 12:00:08.961703+00
1600ced6-19b4-4571-aecc-50d656c39ccf;BWT-ZQP-YKS-ITJ-U1;downloaded;Download without videos: Afghanistan;language_list_screen;1789979191996;completed;ce6c5142689e4be5abb4f2aed46a688d;Afghanistan;1;"{""languageVersion"": ""null""}";BWT-ZQP-YKS-ITJ-U1_d723dcb6-cdf3-4418-8400-1397ed072941;2026-09-21 12:00:08.961705+00
88fe5395-9e8d-4dda-9b63-68550d30e534;BWT-ZQP-YKS-ITJ-U1;cancelled;User cancelled language download: Afghanistan;language_list_screen;1789979193854;cancelled;ce6c5142689e4be5abb4f2aed46a688d;Afghanistan;;"{""languageVersion"": ""null""}";BWT-ZQP-YKS-ITJ-U1_d723dcb6-cdf3-4418-8400-1397ed072941;2026-09-21 12:00:08.961707+00
223a5550-811d-4eca-a275-02d183a6c572;BWT-ZQP-YKS-ITJ-U1;selected;User selected language version: Arabic;language_list_screen;1789979198694;selected;d2c99bcb8ce7481bb80583b091c6e715;Uzbekistan - Russian;;"{""languageVersion"": ""null""}";BWT-ZQP-YKS-ITJ-U1_d723dcb6-cdf3-4418-8400-1397ed072941;2026-09-21 12:00:08.961708+00
7cd7594a-28a1-40fd-a8d9-c61679518a95;BWT-ZQP-YKS-ITJ-U1;cancelled;User cancelled language download: Arabic;language_list_screen;1789979200626;cancelled;d2c99bcb8ce7481bb80583b091c6e715;Arabic;;"{""languageVersion"": ""null""}";BWT-ZQP-YKS-ITJ-U1_d723dcb6-cdf3-4418-8400-1397ed072941;2026-09-21 12:00:08.96171+00
3e2ab23a-d5c3-4d71-b4c0-73400eca17ed;BWT-ZQP-YKS-ITJ-U1;selected;User selected language version: Moldova;language_list_screen;1789979202842;selected;78773f3391884d1aa861a82f7ea9034d;Uzbekistan - Russian;;"{""languageVersion"": ""null""}";BWT-ZQP-YKS-ITJ-U1_d723dcb6-cdf3-4418-8400-1397ed072941;2026-09-21 12:00:08.961712+00
6c4bb356-e7e6-425a-bb4a-0f4af37b91a6;BWT-ZQP-YKS-ITJ-U1;cancelled;User cancelled language download: Moldova;language_list_screen;1789979204171;cancelled;78773f3391884d1aa861a82f7ea9034d;Moldova;;"{""languageVersion"": ""null""}";BWT-ZQP-YKS-ITJ-U1_d723dcb6-cdf3-4418-8400-1397ed072941;2026-09-21 12:00:08.961714+00
87a8ce9e-cfe8-43ae-a9e4-6b97f48bbe40;BWT-ZQP-YKS-ITJ-U1;selected;User selected language version: Myanmar;language_list_screen;1789979211741;selected;53d11eb67a76485089e52223e3909d81;Uzbekistan - Russian;;"{""languageVersion"": ""null""}";BWT-ZQP-YKS-ITJ-U1_d723dcb6-cdf3-4418-8400-1397ed072941;2026-09-21 12:00:08.961716+00
5b9a4a08-7838-41a9-b150-51a867aa6ff7;BWT-ZQP-YKS-ITJ-U1;cancelled;User cancelled language download: Myanmar;language_list_screen;1789979213028;cancelled;53d11eb67a76485089e52223e3909d81;Myanmar;;"{""languageVersion"": ""null""}";BWT-ZQP-YKS-ITJ-U1_d723dcb6-cdf3-4418-8400-1397ed072941;2026-09-21 12:00:08.961718+00
91b89d35-1ff9-4129-ad90-091791ad5c7b;BWT-ZQP-YKS-ITJ-U1;selected;User selected language version: English;language_list_screen;1789979218412;selected;289c0715e027451abc8edfdb361119bf;Uzbekistan - Russian;;"{""languageVersion"": ""null""}";BWT-ZQP-YKS-ITJ-U1_d723dcb6-cdf3-4418-8400-1397ed072941;2026-09-21 12:00:08.96172+00
"01c1f724-d139-45a2-aaa4-eae6395f34fe";BWT-ZQP-YKS-ITJ-U1;cancelled;User cancelled language download: English;language_list_screen;1789979220711;cancelled;289c0715e027451abc8edfdb361119bf;English;;"{""languageVersion"": ""null""}";BWT-ZQP-YKS-ITJ-U1_d723dcb6-cdf3-4418-8400-1397ed072941;2026-09-21 12:00:08.961722+00
a64b2428-ca17-46c7-9819-e96aadbbf2c0;BWT-ZQP-YKS-ITJ-U1;selected;User selected language version: India - English;language_list_screen;1789979222892;selected;c2a3d65fd31a4322b78520566aa8cf15;Uzbekistan - Russian;;"{""languageVersion"": ""null""}";BWT-ZQP-YKS-ITJ-U1_d723dcb6-cdf3-4418-8400-1397ed072941;2026-09-21 12:00:08.961723+00
858de5b3-3d1f-44fe-89f4-c84fadba4cdf;BWT-ZQP-YKS-ITJ-U1;cancelled;User cancelled language download: India - English;language_list_screen;1789979224089;cancelled;c2a3d65fd31a4322b78520566aa8cf15;India - English;;"{""languageVersion"": ""null""}";BWT-ZQP-YKS-ITJ-U1_d723dcb6-cdf3-4418-8400-1397ed072941;2026-09-21 12:00:08.961725+00
2842f886-9bf8-4913-8a5a-3500cda4ae7f;BWT-ZQP-YKS-ITJ-U1;selected;User selected language version: Portuguese;language_list_screen;1789979227511;selected;bd7c3bea339c467f880a8bca6d2ef2c1;Uzbekistan - Russian;;"{""languageVersion"": ""null""}";BWT-ZQP-YKS-ITJ-U1_d723dcb6-cdf3-4418-8400-1397ed072941;2026-09-21 12:00:08.961727+00
fde5771d-7f5a-41ea-b072-72a10d92bcc1;BWT-ZQP-YKS-ITJ-U1;selected;User selected language version: Arabic;language_list_screen;1789979242598;selected;d2c99bcb8ce7481bb80583b091c6e715;Uzbekistan - Russian;;"{""languageVersion"": ""null""}";BWT-ZQP-YKS-ITJ-U1_d723dcb6-cdf3-4418-8400-1397ed072941;2026-09-21 12:00:08.961729+00
"0722bae0-c379-4a5b-b418-bd570d5278cd";BWT-ZQP-YKS-ITJ-U1;cancelled;User cancelled language download: Arabic;language_list_screen;1789979243925;cancelled;d2c99bcb8ce7481bb80583b091c6e715;Arabic;;"{""languageVersion"": ""null""}";BWT-ZQP-YKS-ITJ-U1_d723dcb6-cdf3-4418-8400-1397ed072941;2026-09-21 12:00:08.96173+00
bf27cff6-eecd-4dd1-9e8d-b4fdd61cf40f;BWT-ZQP-YKS-ITJ-U1;selected;User selected language version: Rwanda - French;language_list_screen;1789979253118;selected;b3af23a5b9624981a786fd8361985be0;Uzbekistan - Russian;;"{""languageVersion"": ""null""}";BWT-ZQP-YKS-ITJ-U1_d723dcb6-cdf3-4418-8400-1397ed072941;2026-09-21 12:00:08.961732+00
69ff41dc-027b-4c71-9a23-a6cf4d4ba17b;BWT-ZQP-YKS-ITJ-U1;cancelled;User cancelled language download: Rwanda - French;language_list_screen;1789979255977;cancelled;b3af23a5b9624981a786fd8361985be0;Rwanda - French;;"{""languageVersion"": ""null""}";BWT-ZQP-YKS-ITJ-U1_d723dcb6-cdf3-4418-8400-1397ed072941;2026-09-21 12:00:08.961734+00
d25230c6-acc4-4057-951c-0f4d9cce00ef;BWT-ZQP-YKS-ITJ-U1;selected;User selected language version: Uzbekistan - Uzbek;language_list_screen;1789979266731;selected;a1cdbc5e48b74dbca1a3fdc4842f8f4a;Uzbekistan - Russian;;"{""languageVersion"": ""null""}";BWT-ZQP-YKS-ITJ-U1_d723dcb6-cdf3-4418-8400-1397ed072941;2026-09-21 12:00:08.961736+00
7897d5a5-35ec-496f-90ee-6e02d04d0905;BWT-ZQP-YKS-ITJ-U1;cancelled;User cancelled language download: Uzbekistan - Uzbek;language_list_screen;1789979268613;cancelled;a1cdbc5e48b74dbca1a3fdc4842f8f4a;Uzbekistan - Uzbek;;"{""languageVersion"": ""null""}";BWT-ZQP-YKS-ITJ-U1_d723dcb6-cdf3-4418-8400-1397ed072941;2026-09-21 12:00:08.961738+00
274a42ea-b1b3-4a93-b098-ca10ecd2cf4d;BWT-ZQP-YKS-ITJ-U1;selected;User selected language version: Ukraine;language_list_screen;1789979270758;selected;6535f0ddfc0d4a0c8854c4bd1a6f97e8;Uzbekistan - Russian;;"{""languageVersion"": ""null""}";BWT-ZQP-YKS-ITJ-U1_d723dcb6-cdf3-4418-8400-1397ed072941;2026-09-21 12:00:08.961739+00
c0e4f84f-339f-40e8-8c52-8e408ca387d1;BWT-ZQP-YKS-ITJ-U1;cancelled;User cancelled language download: Ukraine;language_list_screen;1789979272076;cancelled;6535f0ddfc0d4a0c8854c4bd1a6f97e8;Ukraine;;"{""languageVersion"": ""null""}";BWT-ZQP-YKS-ITJ-U1_d723dcb6-cdf3-4418-8400-1397ed072941;2026-09-21 12:00:08.961741+00
234c3253-bcbd-4953-9d77-f6cc10b44e4b;BWT-ZQP-YKS-ITJ-U1;selected;User selected language version: French;language_list_screen;1789979277462;selected;f3195a61b68d4fdb84ae729e8d0aaccc;Uzbekistan - Russian;;"{""languageVersion"": ""null""}";BWT-ZQP-YKS-ITJ-U1_d723dcb6-cdf3-4418-8400-1397ed072941;2026-09-21 12:00:08.961743+00
e3c1342d-5670-444a-ac60-f41062404927;BWT-ZQP-YKS-ITJ-U1;cancelled;User cancelled language download: French;language_list_screen;1789979279269;cancelled;f3195a61b68d4fdb84ae729e8d0aaccc;French;;"{""languageVersion"": ""null""}";BWT-ZQP-YKS-ITJ-U1_d723dcb6-cdf3-4418-8400-1397ed072941;2026-09-21 12:00:08.961744+00
490524e6-8df1-4f31-85c9-e4876601d480;BWT-ZQP-YKS-ITJ-U1;selected;User selected language version: Spanish;language_list_screen;1789979281641;selected;dbfe8365037d40de961aaeabf7ede35e;Uzbekistan - Russian;;"{""languageVersion"": ""null""}";BWT-ZQP-YKS-ITJ-U1_d723dcb6-cdf3-4418-8400-1397ed072941;2026-09-21 12:00:08.961747+00
8388e956-4b9b-4d34-80e0-b767ab6d34f5;BWT-ZQP-YKS-ITJ-U1;cancelled;User cancelled language download: Spanish;language_list_screen;1789979283454;cancelled;dbfe8365037d40de961aaeabf7ede35e;Spanish;;"{""languageVersion"": ""null""}";BWT-ZQP-YKS-ITJ-U1_d723dcb6-cdf3-4418-8400-1397ed072941;2026-09-21 12:00:08.961748+00
a4fde9db-dda6-4ca4-9373-8c43f2c255d3;BWT-ZQP-YKS-ITJ-U1;selected;User selected language version: Bangladesh - Bangla;language_list_screen;1789979285612;selected;7b5c6d2548de4ec7a84335c592c2d05b;Uzbekistan - Russian;;"{""languageVersion"": ""null""}";BWT-ZQP-YKS-ITJ-U1_d723dcb6-cdf3-4418-8400-1397ed072941;2026-09-21 12:00:08.96175+00
e947f5c1-0a5c-4131-9493-3c3491bd45bc;BWT-ZQP-YKS-ITJ-U1;cancelled;User cancelled language download: Bangladesh - Bangla;language_list_screen;1789979287475;cancelled;7b5c6d2548de4ec7a84335c592c2d05b;Bangladesh - Bangla;;"{""languageVersion"": ""null""}";BWT-ZQP-YKS-ITJ-U1_d723dcb6-cdf3-4418-8400-1397ed072941;2026-09-21 12:00:08.961752+00
1454d30d-6000-4114-951c-b396dad0ce60;BWT-ZQP-YKS-ITJ-U1;selected;User selected language version: English;language_list_screen;1789979289718;selected;289c0715e027451abc8edfdb361119bf;Uzbekistan - Russian;;"{""languageVersion"": ""null""}";BWT-ZQP-YKS-ITJ-U1_d723dcb6-cdf3-4418-8400-1397ed072941;2026-09-21 12:00:08.961753+00
ad0c4a40-ac0f-4208-9c4a-a337172148f5;BWT-ZQP-YKS-ITJ-U1;cancelled;User cancelled language download: English;language_list_screen;1789979292642;cancelled;289c0715e027451abc8edfdb361119bf;English;;"{""languageVersion"": ""null""}";BWT-ZQP-YKS-ITJ-U1_d723dcb6-cdf3-4418-8400-1397ed072941;2026-09-21 12:00:08.961755+00
188ded6c-d690-433c-a804-0e49fc4b90ee;BWT-ZQP-YKS-ITJ-U1;selected;User selected language version: Ethiopia - Amharic;language_list_screen;1789979299475;selected;1300fa32d2c54f12bffdbc0bdb87ae6f;Uzbekistan - Russian;;"{""languageVersion"": ""null""}";BWT-ZQP-YKS-ITJ-U1_d723dcb6-cdf3-4418-8400-1397ed072941;2026-09-21 12:00:08.961757+00
809f75dd-97c7-4344-887a-e2cf4c6dbbf4;BWT-ZQP-YKS-ITJ-U1;cancelled;User cancelled language download: Ethiopia - Amharic;language_list_screen;1789979300722;cancelled;1300fa32d2c54f12bffdbc0bdb87ae6f;Ethiopia - Amharic;;"{""languageVersion"": ""null""}";BWT-ZQP-YKS-ITJ-U1_d723dcb6-cdf3-4418-8400-1397ed072941;2026-09-21 12:00:08.961758+00
92cadf31-4340-4df7-917f-9a11507d2218;BWT-ZQP-YKS-ITJ-U1;selected;User selected language version: India - Telugu;language_list_screen;1789979304361;selected;8eee67dfa4c24e5a929263cc61f162ef;Uzbekistan - Russian;;"{""languageVersion"": ""null""}";BWT-ZQP-YKS-ITJ-U1_d723dcb6-cdf3-4418-8400-1397ed072941;2026-09-21 12:00:08.96176+00
234f5631-4122-4290-8451-159950d952bc;BWT-ZQP-YKS-ITJ-U1;cancelled;User cancelled language download: India - Telugu;language_list_screen;1789979306715;cancelled;8eee67dfa4c24e5a929263cc61f162ef;India - Telugu;;"{""languageVersion"": ""null""}";BWT-ZQP-YKS-ITJ-U1_d723dcb6-cdf3-4418-8400-1397ed072941;2026-09-21 12:00:08.961762+00
542adc75-d215-4706-aa83-6a76e685c632;BWT-ZQP-YKS-ITJ-U1;selected;User selected language version: Ethiopia - Somali;language_list_screen;1789979309804;selected;c95a491dd8a745769f31b7bba4b9877f;Uzbekistan - Russian;;"{""languageVersion"": ""null""}";BWT-ZQP-YKS-ITJ-U1_d723dcb6-cdf3-4418-8400-1397ed072941;2026-09-21 12:00:08.961764+00
88ea487d-1021-452a-9d70-89c33bcf778b;BWT-ZQP-YKS-ITJ-U1;cancelled;User cancelled language download: Ethiopia - Somali;language_list_screen;1789979312202;cancelled;c95a491dd8a745769f31b7bba4b9877f;Ethiopia - Somali;;"{""languageVersion"": ""null""}";BWT-ZQP-YKS-ITJ-U1_d723dcb6-cdf3-4418-8400-1397ed072941;2026-09-21 12:00:08.961765+00
6250ac51-686d-42e3-ad5d-b13b3f7a20a4;BWT-ZQP-YKS-ITJ-U1;selected;User selected language version: Kyrgyzstan - Russian;language_list_screen;1789979315746;selected;b96dee5797394d3c98aa07955a33a058;Uzbekistan - Russian;;"{""languageVersion"": ""null""}";BWT-ZQP-YKS-ITJ-U1_d723dcb6-cdf3-4418-8400-1397ed072941;2026-09-21 12:00:08.961767+00
3844e055-b4e5-4b24-965a-7501e8ec15a1;BWT-ZQP-YKS-ITJ-U1;cancelled;User cancelled language download: Kyrgyzstan - Russian;language_list_screen;1789979317080;cancelled;b96dee5797394d3c98aa07955a33a058;Kyrgyzstan - Russian;;"{""languageVersion"": ""null""}";BWT-ZQP-YKS-ITJ-U1_d723dcb6-cdf3-4418-8400-1397ed072941;2026-09-21 12:00:08.961769+00
c4f0ea04-9a08-4020-ad2e-8fd40e16bfa0;BWT-ZQP-YKS-ITJ-U1;selected;User selected language version: Ethiopia - Afaan Oromo;language_list_screen;1789979320550;selected;47d3527babd24e5594eec3fa42b681e0;Uzbekistan - Russian;;"{""languageVersion"": ""null""}";BWT-ZQP-YKS-ITJ-U1_d723dcb6-cdf3-4418-8400-1397ed072941;2026-09-21 12:00:08.96177+00
bbb2dcbf-0f7f-4e9b-a2ff-1cc09d389e9d;BWT-ZQP-YKS-ITJ-U1;cancelled;User cancelled language download: Ethiopia - Afaan Oromo;language_list_screen;1789979321875;cancelled;47d3527babd24e5594eec3fa42b681e0;Ethiopia - Afaan Oromo;;"{""languageVersion"": ""null""}";BWT-ZQP-YKS-ITJ-U1_d723dcb6-cdf3-4418-8400-1397ed072941;2026-09-21 12:00:08.961772+00
905b02dc-7765-4561-8534-629f62df069b;BWT-ZQP-YKS-ITJ-U1;selected;User selected language version: Benin;language_list_screen;1789979325435;selected;3de161d3576648868cb0e8ce72b5fe81;Uzbekistan - Russian;;"{""languageVersion"": ""null""}";BWT-ZQP-YKS-ITJ-U1_d723dcb6-cdf3-4418-8400-1397ed072941;2026-09-21 12:00:08.961773+00
86d98bfc-56c8-4a74-b89b-515a44afa5e8;BWT-ZQP-YKS-ITJ-U1;cancelled;User cancelled language download: Benin;language_list_screen;1789979326758;cancelled;3de161d3576648868cb0e8ce72b5fe81;Benin;;"{""languageVersion"": ""null""}";BWT-ZQP-YKS-ITJ-U1_d723dcb6-cdf3-4418-8400-1397ed072941;2026-09-21 12:00:08.961775+00
3345393e-1c29-4619-a54c-404efea46b44;BWT-ZQP-YKS-ITJ-U1;selected;User selected language version: India - English;language_list_screen;1789979329845;selected;c2a3d65fd31a4322b78520566aa8cf15;Uzbekistan - Russian;;"{""languageVersion"": ""null""}";BWT-ZQP-YKS-ITJ-U1_d723dcb6-cdf3-4418-8400-1397ed072941;2026-09-21 12:00:08.961777+00
1cc0e8ad-5f54-4db7-9d91-da278c37a558;BWT-ZQP-YKS-ITJ-U1;cancelled;User cancelled language download: India - English;language_list_screen;1789979331138;cancelled;c2a3d65fd31a4322b78520566aa8cf15;India - English;;"{""languageVersion"": ""null""}";BWT-ZQP-YKS-ITJ-U1_d723dcb6-cdf3-4418-8400-1397ed072941;2026-09-21 12:00:08.961779+00
9fd2961a-4196-45b4-ae9f-9ea2aaf44c7a;BWT-ZQP-YKS-ITJ-U1;selected;User selected language version: India - Hindi;language_list_screen;1789979334614;selected;1555901e4ef94e938b1f044ceb69324a;Uzbekistan - Russian;;"{""languageVersion"": ""null""}";BWT-ZQP-YKS-ITJ-U1_d723dcb6-cdf3-4418-8400-1397ed072941;2026-09-21 12:00:08.96178+00
1d03ccf9-ec02-40df-b540-a329e122320f;BWT-ZQP-YKS-ITJ-U1;cancelled;User cancelled language download: India - Hindi;language_list_screen;1789979335998;cancelled;1555901e4ef94e938b1f044ceb69324a;India - Hindi;;"{""languageVersion"": ""null""}";BWT-ZQP-YKS-ITJ-U1_d723dcb6-cdf3-4418-8400-1397ed072941;2026-09-21 12:00:08.961782+00
843d120d-9730-4cad-9f7f-eba9e06d4246;BWT-ZQP-YKS-ITJ-U1;selected;User selected language version: Cambodia;language_list_screen;1789979339656;selected;224d980101ef45ec9810730b87767c37;Uzbekistan - Russian;;"{""languageVersion"": ""null""}";BWT-ZQP-YKS-ITJ-U1_d723dcb6-cdf3-4418-8400-1397ed072941;2026-09-21 12:00:08.961784+00
3a210285-f1e4-4c64-b915-1c058dfad914;BWT-ZQP-YKS-ITJ-U1;cancelled;User cancelled language download: Cambodia;language_list_screen;1789979342338;cancelled;224d980101ef45ec9810730b87767c37;Cambodia;;"{""languageVersion"": ""null""}";BWT-ZQP-YKS-ITJ-U1_d723dcb6-cdf3-4418-8400-1397ed072941;2026-09-21 12:00:08.961786+00
127ae96a-286a-4bab-935e-801335f8609c;BWT-ZQP-YKS-ITJ-U1;selected;User selected language version: Kyrgyzstan - Kyrgyz;language_list_screen;1789979345877;selected;fada7ff0808849ee97b1ebae764d2873;Uzbekistan - Russian;;"{""languageVersion"": ""null""}";BWT-ZQP-YKS-ITJ-U1_d723dcb6-cdf3-4418-8400-1397ed072941;2026-09-21 12:00:08.961788+00
27867064-13ac-4d61-9724-b6ab611caed2;BWT-ZQP-YKS-ITJ-U1;cancelled;User cancelled language download: Kyrgyzstan - Kyrgyz;language_list_screen;1789979347154;cancelled;fada7ff0808849ee97b1ebae764d2873;Kyrgyzstan - Kyrgyz;;"{""languageVersion"": ""null""}";BWT-ZQP-YKS-ITJ-U1_d723dcb6-cdf3-4418-8400-1397ed072941;2026-09-21 12:00:08.96179+00
acc52e55-a9a8-4f58-9318-6a0ecb48e30b;BWT-ZQP-YKS-ITJ-U1;selected;User selected language version: French;language_list_screen;1789979357090;selected;f3195a61b68d4fdb84ae729e8d0aaccc;Uzbekistan - Russian;;"{""languageVersion"": ""null""}";BWT-ZQP-YKS-ITJ-U1_d723dcb6-cdf3-4418-8400-1397ed072941;2026-09-21 12:00:08.961792+00
fe342bb1-ccc3-4d76-8e9e-86b7373bc63f;BWT-ZQP-YKS-ITJ-U1;cancelled;User cancelled language download: French;language_list_screen;1789979358320;cancelled;f3195a61b68d4fdb84ae729e8d0aaccc;French;;"{""languageVersion"": ""null""}";BWT-ZQP-YKS-ITJ-U1_d723dcb6-cdf3-4418-8400-1397ed072941;2026-09-21 12:00:08.961794+00
f0fbf355-f3c7-471a-91f2-a1c67029a642;BWT-ZQP-YKS-ITJ-U1;selected;User selected language version: Spanish;language_list_screen;1789979363469;selected;dbfe8365037d40de961aaeabf7ede35e;Uzbekistan - Russian;;"{""languageVersion"": ""null""}";BWT-ZQP-YKS-ITJ-U1_d723dcb6-cdf3-4418-8400-1397ed072941;2026-09-21 12:00:08.961796+00
c788ea42-e67d-4c3f-a0e3-d2a142b59092;BWT-ZQP-YKS-ITJ-U1;cancelled;User cancelled language download: Spanish;language_list_screen;1789979364716;cancelled;dbfe8365037d40de961aaeabf7ede35e;Spanish;;"{""languageVersion"": ""null""}";BWT-ZQP-YKS-ITJ-U1_d723dcb6-cdf3-4418-8400-1397ed072941;2026-09-21 12:00:08.961797+00
"02032a5b-6d77-46eb-bcdf-020402a71c2c";BWT-ZQP-YKS-ITJ-U1;selected;User selected language version: English;language_list_screen;1789979367891;selected;289c0715e027451abc8edfdb361119bf;Uzbekistan - Russian;;"{""languageVersion"": ""null""}";BWT-ZQP-YKS-ITJ-U1_d723dcb6-cdf3-4418-8400-1397ed072941;2026-09-21 12:00:08.961799+00
66be1e14-3e0f-45ea-a716-d9fb25e19e9d;BWT-ZQP-YKS-ITJ-U1;cancelled;User cancelled language download: English;language_list_screen;1789979369706;cancelled;289c0715e027451abc8edfdb361119bf;English;;"{""languageVersion"": ""null""}";BWT-ZQP-YKS-ITJ-U1_d723dcb6-cdf3-4418-8400-1397ed072941;2026-09-21 12:00:08.961801+00
52f9c655-3eb9-4411-80e2-1d9165f654ed;BWT-ZQP-YKS-ITJ-U1;selected;User selected language version: French;language_list_screen;1789979372842;selected;f3195a61b68d4fdb84ae729e8d0aaccc;Uzbekistan - Russian;;"{""languageVersion"": ""null""}";BWT-ZQP-YKS-ITJ-U1_d723dcb6-cdf3-4418-8400-1397ed072941;2026-09-21 12:00:08.961803+00
59990c6a-165d-44bf-9cfc-e7459314f411;BWT-ZQP-YKS-ITJ-U1;cancelled;User cancelled language download: French;language_list_screen;1789979374195;cancelled;f3195a61b68d4fdb84ae729e8d0aaccc;French;;"{""languageVersion"": ""null""}";BWT-ZQP-YKS-ITJ-U1_d723dcb6-cdf3-4418-8400-1397ed072941;2026-09-21 12:00:08.961805+00
86be1cdb-88fe-46d1-a08c-7e09a5922988;BWT-ZQP-YKS-ITJ-U1;selected;User selected language version: Spanish;language_list_screen;1789979387874;selected;dbfe8365037d40de961aaeabf7ede35e;Uzbekistan - Russian;;"{""languageVersion"": ""null""}";BWT-ZQP-YKS-ITJ-U1_d723dcb6-cdf3-4418-8400-1397ed072941;2026-09-21 12:00:08.961807+00
27f89725-ec9b-435a-a7ee-255ea890ed52;BWT-ZQP-YKS-ITJ-U1;cancelled;User cancelled language download: Spanish;language_list_screen;1789979389162;cancelled;dbfe8365037d40de961aaeabf7ede35e;Spanish;;"{""languageVersion"": ""null""}";BWT-ZQP-YKS-ITJ-U1_d723dcb6-cdf3-4418-8400-1397ed072941;2026-09-21 12:00:08.961809+00
28991627-5fd3-42ae-872e-0f0f77f2e60a;BWT-ZQP-YKS-ITJ-U1;selected;User selected language version: Arabic;language_list_screen;1789979395162;selected;d2c99bcb8ce7481bb80583b091c6e715;Uzbekistan - Russian;;"{""languageVersion"": ""null""}";BWT-ZQP-YKS-ITJ-U1_d723dcb6-cdf3-4418-8400-1397ed072941;2026-09-21 12:00:08.961811+00
d8c67366-9e22-40a0-962c-f0a3486e937d;BWT-ZQP-YKS-ITJ-U1;cancelled;User cancelled language download: Arabic;language_list_screen;1789979396411;cancelled;d2c99bcb8ce7481bb80583b091c6e715;Arabic;;"{""languageVersion"": ""null""}";BWT-ZQP-YKS-ITJ-U1_d723dcb6-cdf3-4418-8400-1397ed072941;2026-09-21 12:00:08.961813+00
7f028e3f-dd36-47be-98fc-a46cee95253c;BWT-ZQP-YKS-ITJ-U1;selected;User selected language version: Uzbekistan - Russian;language_list_screen;1789979404350;selected;bdd7d335b7ac4e72880ab1c0c83d65e5;Uzbekistan - Russian;;"{""languageVersion"": ""null""}";BWT-ZQP-YKS-ITJ-U1_d723dcb6-cdf3-4418-8400-1397ed072941;2026-09-21 12:00:08.961815+00
e4bcf115-14ff-4ab4-a403-58fea382a59c;BWT-ZQP-YKS-ITJ-U1;cancelled;User cancelled language download: Uzbekistan - Russian;language_list_screen;1789979406630;cancelled;bdd7d335b7ac4e72880ab1c0c83d65e5;Uzbekistan - Russian;;"{""languageVersion"": ""null""}";BWT-ZQP-YKS-ITJ-U1_d723dcb6-cdf3-4418-8400-1397ed072941;2026-09-21 12:00:08.961816+00
704fac90-3b3f-4484-b89e-b8e69c36f161;BWT-ZQS-GSA-ZLS-U1;selected;User selected language version: India - Gujrati;language_list_screen;1789979393242;selected;310e335f94374ca29a0aa21393840563;India - Gujrati;;"{""languageVersion"": ""null""}";BWT-ZQS-GSA-ZLS-U1_324d7cf7-23c4-4c00-9e93-2dd916bbea90;2026-09-21 12:00:09.007214+00
21e94ec6-47a7-4bb9-9c7e-3cff0cf5cd59;BWT-ZQS-GSA-ZLS-U1;downloaded;User confirmed download for language: India - Gujrati;language_list_screen;1789979404439;completed;310e335f94374ca29a0aa21393840563;India - Gujrati;;"{""languageVersion"": ""null""}";BWT-ZQS-GSA-ZLS-U1_324d7cf7-23c4-4c00-9e93-2dd916bbea90;2026-09-21 12:00:09.007217+00
61e44de0-e7e8-41b5-80bf-8f0573bbb273;BWT-ZQS-GSA-ZLS-U1;cancelled;User cancelled language download: India - Gujrati;language_list_screen;1789979407370;cancelled;310e335f94374ca29a0aa21393840563;India - Gujrati;;"{""languageVersion"": ""null""}";BWT-ZQS-GSA-ZLS-U1_324d7cf7-23c4-4c00-9e93-2dd916bbea90;2026-09-21 12:00:09.007219+00
c2ca181a-a541-4591-a5d5-0fd1446549d4;BWT-ZQS-BFD-BKX-U1;selected;User selected language version: Arabic;language_list_screen;1789979379239;selected;d2c99bcb8ce7481bb80583b091c6e715;Portuguese;;"{""device_model"": ""OnePlus8Pro"", ""languageVersion"": ""null""}";BWT-ZQS-BFD-BKX-U1_6f094b12-3184-49be-9836-377f82910bfb;2026-09-21 12:00:09.081376+00
c435b45f-e59c-41d7-80cd-f9c19dddd4a1;BWT-ZQS-BFD-BKX-U1;downloaded;Download without videos: Arabic;language_list_screen;1789979381137;completed;d2c99bcb8ce7481bb80583b091c6e715;Arabic;1;"{""device_model"": ""OnePlus8Pro"", ""languageVersion"": ""null""}";BWT-ZQS-BFD-BKX-U1_6f094b12-3184-49be-9836-377f82910bfb;2026-09-21 12:00:09.081379+00
5baba5f5-9d3d-4b96-a6a8-dd3c9b7e3f63;BWT-ZQS-BFD-BKX-U1;downloaded;User confirmed download for language: Arabic;language_list_screen;1789979382486;completed;d2c99bcb8ce7481bb80583b091c6e715;Portuguese;;"{""device_model"": ""OnePlus8Pro"", ""languageVersion"": ""null""}";BWT-ZQS-BFD-BKX-U1_6f094b12-3184-49be-9836-377f82910bfb;2026-09-21 12:00:09.081381+00
c52e2272-2687-49a8-a4aa-9d8b47532a8b;BWT-ZQS-BFD-BKX-U1;cancelled;User cancelled language download: Arabic;language_list_screen;1789979383748;cancelled;d2c99bcb8ce7481bb80583b091c6e715;Arabic;;"{""device_model"": ""OnePlus8Pro"", ""languageVersion"": ""null""}";BWT-ZQS-BFD-BKX-U1_6f094b12-3184-49be-9836-377f82910bfb;2026-09-21 12:00:09.081382+00
239c628d-689f-439b-81ec-b47223689770;BWT-ZQS-BFD-BKX-U1;selected;User selected language version: English;language_list_screen;1789979389419;selected;289c0715e027451abc8edfdb361119bf;Portuguese;;"{""device_model"": ""OnePlus8Pro"", ""languageVersion"": ""null""}";BWT-ZQS-BFD-BKX-U1_6f094b12-3184-49be-9836-377f82910bfb;2026-09-21 12:00:09.081384+00
7833d798-437c-4816-a226-261121f6a914;BWT-ZQS-BFD-BKX-U1;cancelled;User cancelled language download: English;language_list_screen;1789979390685;cancelled;289c0715e027451abc8edfdb361119bf;English;;"{""device_model"": ""OnePlus8Pro"", ""languageVersion"": ""null""}";BWT-ZQS-BFD-BKX-U1_6f094b12-3184-49be-9836-377f82910bfb;2026-09-21 12:00:09.081386+00
4188edf9-9ab9-4cd3-8ae4-fd0ee2dcda3e;BWT-ZQS-BFD-BKX-U1;selected;User selected language version: Afghanistan;language_list_screen;1789979392416;selected;ce6c5142689e4be5abb4f2aed46a688d;Portuguese;;"{""device_model"": ""OnePlus8Pro"", ""languageVersion"": ""null""}";BWT-ZQS-BFD-BKX-U1_6f094b12-3184-49be-9836-377f82910bfb;2026-09-21 12:00:09.081387+00
8ea09261-1dfe-4885-af27-ef881eff0c7d;BWT-ZQS-BFD-BKX-U1;cancelled;User cancelled language download: Afghanistan;language_list_screen;1789979393849;cancelled;ce6c5142689e4be5abb4f2aed46a688d;Afghanistan;;"{""device_model"": ""OnePlus8Pro"", ""languageVersion"": ""null""}";BWT-ZQS-BFD-BKX-U1_6f094b12-3184-49be-9836-377f82910bfb;2026-09-21 12:00:09.081389+00
4d9b5533-4c59-4d95-bd7c-21bd890a8005;BWT-ZQS-BFD-BKX-U1;selected;User selected language version: French;language_list_screen;1789979401055;selected;f3195a61b68d4fdb84ae729e8d0aaccc;Portuguese;;"{""device_model"": ""OnePlus8Pro"", ""languageVersion"": ""null""}";BWT-ZQS-BFD-BKX-U1_6f094b12-3184-49be-9836-377f82910bfb;2026-09-21 12:00:09.08139+00
81a18444-aee2-4b44-be25-4b64536305a6;BWT-ZQS-BFD-BKX-U1;cancelled;User cancelled language download: French;language_list_screen;1789979402112;cancelled;f3195a61b68d4fdb84ae729e8d0aaccc;French;;"{""device_model"": ""OnePlus8Pro"", ""languageVersion"": ""null""}";BWT-ZQS-BFD-BKX-U1_6f094b12-3184-49be-9836-377f82910bfb;2026-09-21 12:00:09.081392+00
db7b4b55-d278-4e30-8bde-b7cb44eb3583;BWT-ZQS-BFD-BKX-U1;selected;User selected language version: Portuguese;language_list_screen;1789979430560;selected;bd7c3bea339c467f880a8bca6d2ef2c1;Portuguese;;"{""device_model"": ""OnePlus8Pro"", ""languageVersion"": ""null""}";BWT-ZQS-BFD-BKX-U1_6f094b12-3184-49be-9836-377f82910bfb;2026-09-21 12:00:09.081394+00
bc4fe1b2-2b18-4216-8fc7-f7624ab510d5;BWT-ZQS-BFD-BKX-U1;cancelled;User cancelled language download: Portuguese;language_list_screen;1789979431582;cancelled;bd7c3bea339c467f880a8bca6d2ef2c1;Portuguese;;"{""device_model"": ""OnePlus8Pro"", ""languageVersion"": ""null""}";BWT-ZQS-BFD-BKX-U1_6f094b12-3184-49be-9836-377f82910bfb;2026-09-21 12:00:09.081396+00
cc95284a-1085-4723-840e-b03e84b9d5c9;BWT-ZQS-BFD-BKX-U1;selected;User selected language version: Arabic;language_list_screen;1789979446616;selected;d2c99bcb8ce7481bb80583b091c6e715;Portuguese;;"{""device_model"": ""OnePlus8Pro"", ""languageVersion"": ""null""}";BWT-ZQS-BFD-BKX-U1_6f094b12-3184-49be-9836-377f82910bfb;2026-09-21 12:00:09.081397+00
4430ab62-e6c7-408e-beab-905c87fc2c88;BWT-ZQS-GSA-ZLS-U1;selected;User selected language version: Spanish;language_list_screen;1789979431441;selected;dbfe8365037d40de961aaeabf7ede35e;Spanish;;"{""languageVersion"": ""null""}";BWT-ZQS-GSA-ZLS-U1_27c36573-143e-4014-8a8b-6bddd95e735f;2026-09-21 12:00:09.116309+00
696733de-7472-4d8f-8d79-d6d827917c69;BWT-ZQP-UCW-SRJ-U1;selected;User selected language version: Bangladesh - Bangla;language_list_screen;1789979178380;selected;7b5c6d2548de4ec7a84335c592c2d05b;Bangladesh - Bangla;;"{""languageVersion"": ""null""}";BWT-ZQP-UCW-SRJ-U1_69e74c2a-6509-4022-9630-4be607976d14;2026-09-21 12:00:09.187379+00
ce17b64b-809c-450c-952a-ee813d16dbde;BWT-ZQP-UCW-SRJ-U1;downloaded;Download without videos: Bangladesh - Bangla;language_list_screen;1789979180249;completed;7b5c6d2548de4ec7a84335c592c2d05b;Bangladesh - Bangla;1;"{""languageVersion"": ""null""}";BWT-ZQP-UCW-SRJ-U1_69e74c2a-6509-4022-9630-4be607976d14;2026-09-21 12:00:09.187382+00
e4deee0c-254e-46c1-b2c1-79df9a60e046;BWT-ZQP-UCW-SRJ-U1;cancelled;User cancelled language download: Bangladesh - Bangla;language_list_screen;1789979182144;cancelled;7b5c6d2548de4ec7a84335c592c2d05b;Bangladesh - Bangla;;"{""languageVersion"": ""null""}";BWT-ZQP-UCW-SRJ-U1_69e74c2a-6509-4022-9630-4be607976d14;2026-09-21 12:00:09.187384+00
cca9af5c-e410-4d2f-8ce2-8e59f3464327;BWT-ZQP-UCW-SRJ-U1;selected;User selected language version: Afghanistan;language_list_screen;1789979185706;selected;ce6c5142689e4be5abb4f2aed46a688d;Bangladesh - Bangla;;"{""languageVersion"": ""null""}";BWT-ZQP-UCW-SRJ-U1_69e74c2a-6509-4022-9630-4be607976d14;2026-09-21 12:00:09.187386+00
860bea16-9159-4cfd-b86a-0c13cce004a3;BWT-ZQP-UCW-SRJ-U1;cancelled;User cancelled language download: Afghanistan;language_list_screen;1789979187087;cancelled;ce6c5142689e4be5abb4f2aed46a688d;Afghanistan;;"{""languageVersion"": ""null""}";BWT-ZQP-UCW-SRJ-U1_69e74c2a-6509-4022-9630-4be607976d14;2026-09-21 12:00:09.187387+00
1727c0e1-99d8-4f7e-a29b-2e074a7a5800;BWT-ZQP-UCW-SRJ-U1;selected;User selected language version: Ethiopia - Somali;language_list_screen;1789979189686;selected;c95a491dd8a745769f31b7bba4b9877f;Bangladesh - Bangla;;"{""languageVersion"": ""null""}";BWT-ZQP-UCW-SRJ-U1_69e74c2a-6509-4022-9630-4be607976d14;2026-09-21 12:00:09.187389+00
69715ab1-c914-4c10-b309-fa840b61c28f;BWT-ZQP-UCW-SRJ-U1;downloaded;User confirmed download for language: Ethiopia - Somali;language_list_screen;1789979191493;completed;c95a491dd8a745769f31b7bba4b9877f;Bangladesh - Bangla;;"{""languageVersion"": ""null""}";BWT-ZQP-UCW-SRJ-U1_69e74c2a-6509-4022-9630-4be607976d14;2026-09-21 12:00:09.187391+00
63dca2bb-9901-490c-be3f-a8d7cad6d418;BWT-ZQP-UCW-SRJ-U1;cancelled;User cancelled language download: Ethiopia - Somali;language_list_screen;1789979193321;cancelled;c95a491dd8a745769f31b7bba4b9877f;Ethiopia - Somali;;"{""languageVersion"": ""null""}";BWT-ZQP-UCW-SRJ-U1_69e74c2a-6509-4022-9630-4be607976d14;2026-09-21 12:00:09.187393+00
46db5a53-27d1-4432-b6b6-ea87cfe20e4c;BWT-ZQP-UCW-SRJ-U1;selected;User selected language version: India - English;language_list_screen;1789979196038;selected;c2a3d65fd31a4322b78520566aa8cf15;Bangladesh - Bangla;;"{""languageVersion"": ""null""}";BWT-ZQP-UCW-SRJ-U1_69e74c2a-6509-4022-9630-4be607976d14;2026-09-21 12:00:09.187395+00
e2649f4e-4609-4ee5-a8a7-edc372af30c0;BWT-ZQP-UCW-SRJ-U1;cancelled;User cancelled language download: India - English;language_list_screen;1789979197351;cancelled;c2a3d65fd31a4322b78520566aa8cf15;India - English;;"{""languageVersion"": ""null""}";BWT-ZQP-UCW-SRJ-U1_69e74c2a-6509-4022-9630-4be607976d14;2026-09-21 12:00:09.187397+00
ed7ce36d-1379-45dc-b3f4-c7d0d8d38114;BWT-ZQP-UCW-SRJ-U1;selected;User selected language version: Cambodia;language_list_screen;1789979201538;selected;224d980101ef45ec9810730b87767c37;Bangladesh - Bangla;;"{""languageVersion"": ""null""}";BWT-ZQP-UCW-SRJ-U1_69e74c2a-6509-4022-9630-4be607976d14;2026-09-21 12:00:09.187399+00
42134bf1-7b92-4b85-a7f1-f7f146820b06;BWT-ZQP-UCW-SRJ-U1;cancelled;User cancelled language download: Cambodia;language_list_screen;1789979203346;cancelled;224d980101ef45ec9810730b87767c37;Cambodia;;"{""languageVersion"": ""null""}";BWT-ZQP-UCW-SRJ-U1_69e74c2a-6509-4022-9630-4be607976d14;2026-09-21 12:00:09.187401+00
ac0ace1f-cd7a-4f30-9b5c-95994de928e4;BWT-ZQP-UCW-SRJ-U1;selected;User selected language version: Afghanistan;language_list_screen;1789979205754;selected;ce6c5142689e4be5abb4f2aed46a688d;Bangladesh - Bangla;;"{""languageVersion"": ""null""}";BWT-ZQP-UCW-SRJ-U1_69e74c2a-6509-4022-9630-4be607976d14;2026-09-21 12:00:09.187402+00
eda33d46-6774-4a6a-81a3-fb531280d1bd;BWT-ZQP-UCW-SRJ-U1;cancelled;User cancelled language download: Afghanistan;language_list_screen;1789979207006;cancelled;ce6c5142689e4be5abb4f2aed46a688d;Afghanistan;;"{""languageVersion"": ""null""}";BWT-ZQP-UCW-SRJ-U1_69e74c2a-6509-4022-9630-4be607976d14;2026-09-21 12:00:09.187404+00
95925b52-f2f4-42c8-8e1a-186966aca462;BWT-ZQP-UCW-SRJ-U1;selected;User selected language version: English;language_list_screen;1789979212738;selected;289c0715e027451abc8edfdb361119bf;Bangladesh - Bangla;;"{""languageVersion"": ""null""}";BWT-ZQP-UCW-SRJ-U1_69e74c2a-6509-4022-9630-4be607976d14;2026-09-21 12:00:09.187406+00
c6e27242-6a2b-4258-b1c2-93425af42f64;BWT-ZQP-UCW-SRJ-U1;cancelled;User cancelled language download: English;language_list_screen;1789979215783;cancelled;289c0715e027451abc8edfdb361119bf;English;;"{""languageVersion"": ""null""}";BWT-ZQP-UCW-SRJ-U1_69e74c2a-6509-4022-9630-4be607976d14;2026-09-21 12:00:09.187407+00
"0572f820-a378-4fa5-93a2-e1cbcbb9c597";BWT-ZQP-UCW-SRJ-U1;selected;User selected language version: Portuguese;language_list_screen;1789979218312;selected;bd7c3bea339c467f880a8bca6d2ef2c1;Bangladesh - Bangla;;"{""languageVersion"": ""null""}";BWT-ZQP-UCW-SRJ-U1_69e74c2a-6509-4022-9630-4be607976d14;2026-09-21 12:00:09.187409+00
f750158c-b4f6-4b52-9f12-f7884708226f;BWT-ZQP-UCW-SRJ-U1;cancelled;User cancelled language download: Portuguese;language_list_screen;1789979220697;cancelled;bd7c3bea339c467f880a8bca6d2ef2c1;Portuguese;;"{""languageVersion"": ""null""}";BWT-ZQP-UCW-SRJ-U1_69e74c2a-6509-4022-9630-4be607976d14;2026-09-21 12:00:09.187411+00
e662aefc-e7c8-4c9c-8f59-354512e9e8a6;BWT-ZQP-UCW-SRJ-U1;selected;User selected language version: Bangladesh - Bangla;language_list_screen;1789979223585;selected;7b5c6d2548de4ec7a84335c592c2d05b;Bangladesh - Bangla;;"{""languageVersion"": ""null""}";BWT-ZQP-UCW-SRJ-U1_69e74c2a-6509-4022-9630-4be607976d14;2026-09-21 12:00:09.187413+00
e0d19d7a-5659-47bf-b68a-ce6b9834599c;BWT-ZQP-UCW-SRJ-U1;downloaded;Preparing language assets for download on onboarding screen;onboarding_screen;1789979227579;completed;7b5c6d2548de4ec7a84335c592c2d05b;Bangladesh - Bangla;;;BWT-ZQP-UCW-SRJ-U1_69e74c2a-6509-4022-9630-4be607976d14;2026-09-21 12:00:09.18904+00
5a585d07-ede2-441a-ae8c-d2b63c3e963b;BWT-ZQP-VEP-RZQ-U1;selected;User selected language version: Bangladesh - Bangla;language_list_screen;1789979173875;selected;7b5c6d2548de4ec7a84335c592c2d05b;Ethiopia - Afaan Oromo;;"{""languageVersion"": ""null""}";BWT-ZQP-VEP-RZQ-U1_e0f9c67b-4b1a-4c5c-9140-ab9bbd635d0c;2026-09-21 12:00:09.234711+00
c8cd0141-d417-4266-91c6-031f703aa4a1;BWT-ZQP-VEP-RZQ-U1;downloaded;Download without videos: Bangladesh - Bangla;language_list_screen;1789979175629;completed;7b5c6d2548de4ec7a84335c592c2d05b;Bangladesh - Bangla;1;"{""languageVersion"": ""null""}";BWT-ZQP-VEP-RZQ-U1_e0f9c67b-4b1a-4c5c-9140-ab9bbd635d0c;2026-09-21 12:00:09.234714+00
b8c3e7c7-00c2-4147-a1ea-dd4b2013c0fb;BWT-ZQP-VEP-RZQ-U1;cancelled;User cancelled language download: Bangladesh - Bangla;language_list_screen;1789979177374;cancelled;7b5c6d2548de4ec7a84335c592c2d05b;Bangladesh - Bangla;;"{""languageVersion"": ""null""}";BWT-ZQP-VEP-RZQ-U1_e0f9c67b-4b1a-4c5c-9140-ab9bbd635d0c;2026-09-21 12:00:09.234716+00
5fb307bc-1e19-4c2b-b3c8-ec34ee259f5d;BWT-ZQP-VEP-RZQ-U1;selected;User selected language version: English;language_list_screen;1789979179554;selected;289c0715e027451abc8edfdb361119bf;Ethiopia - Afaan Oromo;;"{""languageVersion"": ""null""}";BWT-ZQP-VEP-RZQ-U1_e0f9c67b-4b1a-4c5c-9140-ab9bbd635d0c;2026-09-21 12:00:09.234718+00
"0db22b38-ec68-4482-b773-f354454add9d";BWT-ZQP-VEP-RZQ-U1;cancelled;User cancelled language download: English;language_list_screen;1789979180819;cancelled;289c0715e027451abc8edfdb361119bf;English;;"{""languageVersion"": ""null""}";BWT-ZQP-VEP-RZQ-U1_e0f9c67b-4b1a-4c5c-9140-ab9bbd635d0c;2026-09-21 12:00:09.234719+00
ced6999c-4e50-4f5f-86ad-f562ae5f66f5;BWT-ZQP-VEP-RZQ-U1;selected;User selected language version: Ethiopia - Afaan Oromo;language_list_screen;1789979188325;selected;47d3527babd24e5594eec3fa42b681e0;Ethiopia - Afaan Oromo;;"{""languageVersion"": ""null""}";BWT-ZQP-VEP-RZQ-U1_e0f9c67b-4b1a-4c5c-9140-ab9bbd635d0c;2026-09-21 12:00:09.234721+00
43db3634-6391-479e-bb8a-739b547eeae3;BWT-ZQP-VEP-RZQ-U1;downloaded;User confirmed download for language: Ethiopia - Afaan Oromo;language_list_screen;1789979190136;completed;47d3527babd24e5594eec3fa42b681e0;Ethiopia - Afaan Oromo;;"{""languageVersion"": ""null""}";BWT-ZQP-VEP-RZQ-U1_e0f9c67b-4b1a-4c5c-9140-ab9bbd635d0c;2026-09-21 12:00:09.234723+00
99ccd156-b60e-48a4-b9b9-5d931b2cc9bb;BWT-ZQP-VEP-RZQ-U1;cancelled;User cancelled language download: Ethiopia - Afaan Oromo;language_list_screen;1789979192183;cancelled;47d3527babd24e5594eec3fa42b681e0;Ethiopia - Afaan Oromo;;"{""languageVersion"": ""null""}";BWT-ZQP-VEP-RZQ-U1_e0f9c67b-4b1a-4c5c-9140-ab9bbd635d0c;2026-09-21 12:00:09.234725+00
739b9022-6e2f-45a2-90d1-1d7885610060;BWT-ZQP-VEP-RZQ-U1;selected;User selected language version: French;language_list_screen;1789979195570;selected;f3195a61b68d4fdb84ae729e8d0aaccc;Ethiopia - Afaan Oromo;;"{""languageVersion"": ""null""}";BWT-ZQP-VEP-RZQ-U1_e0f9c67b-4b1a-4c5c-9140-ab9bbd635d0c;2026-09-21 12:00:09.234726+00
ed349a0a-8beb-4795-a6b0-bfa38bb8e180;BWT-ZQP-VEP-RZQ-U1;cancelled;User cancelled language download: French;language_list_screen;1789979197222;cancelled;f3195a61b68d4fdb84ae729e8d0aaccc;French;;"{""languageVersion"": ""null""}";BWT-ZQP-VEP-RZQ-U1_e0f9c67b-4b1a-4c5c-9140-ab9bbd635d0c;2026-09-21 12:00:09.234728+00
237fdf1e-7daf-4f46-b0ea-357bbef9ec15;BWT-ZQP-VEP-RZQ-U1;selected;User selected language version: Spanish;language_list_screen;1789979206086;selected;dbfe8365037d40de961aaeabf7ede35e;Ethiopia - Afaan Oromo;;"{""languageVersion"": ""null""}";BWT-ZQP-VEP-RZQ-U1_e0f9c67b-4b1a-4c5c-9140-ab9bbd635d0c;2026-09-21 12:00:09.23473+00
61dab3cc-8272-4d4c-b897-00e4f852d700;BWT-ZQP-VEP-RZQ-U1;cancelled;User cancelled language download: Spanish;language_list_screen;1789979207711;cancelled;dbfe8365037d40de961aaeabf7ede35e;Spanish;;"{""languageVersion"": ""null""}";BWT-ZQP-VEP-RZQ-U1_e0f9c67b-4b1a-4c5c-9140-ab9bbd635d0c;2026-09-21 12:00:09.234732+00
da1eca95-2411-4b81-9c4e-cec6a3270354;BWT-ZQP-VEP-RZQ-U1;selected;User selected language version: Arabic;language_list_screen;1789979219718;selected;d2c99bcb8ce7481bb80583b091c6e715;Ethiopia - Afaan Oromo;;"{""languageVersion"": ""null""}";BWT-ZQP-VEP-RZQ-U1_e0f9c67b-4b1a-4c5c-9140-ab9bbd635d0c;2026-09-21 12:00:09.234733+00
11d3fe5c-3610-45a6-84a3-6e8c79e9454e;BWT-ZQP-VEP-RZQ-U1;cancelled;User cancelled language download: Arabic;language_list_screen;1789979221592;cancelled;d2c99bcb8ce7481bb80583b091c6e715;Arabic;;"{""languageVersion"": ""null""}";BWT-ZQP-VEP-RZQ-U1_e0f9c67b-4b1a-4c5c-9140-ab9bbd635d0c;2026-09-21 12:00:09.234735+00
d14acf8e-3d4a-48bb-a44b-53ec82f585d6;BWT-ZQP-VEP-RZQ-U1;selected;User selected language version: French;language_list_screen;1789979227693;selected;f3195a61b68d4fdb84ae729e8d0aaccc;Ethiopia - Afaan Oromo;;"{""languageVersion"": ""null""}";BWT-ZQP-VEP-RZQ-U1_e0f9c67b-4b1a-4c5c-9140-ab9bbd635d0c;2026-09-21 12:00:09.234737+00
d1499fb0-68df-46d7-b044-bc92c40ee818;BWT-ZQP-VEP-RZQ-U1;cancelled;User cancelled language download: French;language_list_screen;1789979229424;cancelled;f3195a61b68d4fdb84ae729e8d0aaccc;French;;"{""languageVersion"": ""null""}";BWT-ZQP-VEP-RZQ-U1_e0f9c67b-4b1a-4c5c-9140-ab9bbd635d0c;2026-09-21 12:00:09.234739+00
1aa22833-4ab6-4740-97f1-d8095b4f5d3a;BWT-ZQP-VEP-RZQ-U1;selected;User selected language version: Rwanda - French;language_list_screen;1789979234989;selected;b3af23a5b9624981a786fd8361985be0;Ethiopia - Afaan Oromo;;"{""languageVersion"": ""null""}";BWT-ZQP-VEP-RZQ-U1_e0f9c67b-4b1a-4c5c-9140-ab9bbd635d0c;2026-09-21 12:00:09.23474+00
bc0d0dc9-38d2-4d54-8a78-4d73a45f2d88;BWT-ZQP-VEP-RZQ-U1;cancelled;User cancelled language download: Rwanda - French;language_list_screen;1789979236651;cancelled;b3af23a5b9624981a786fd8361985be0;Rwanda - French;;"{""languageVersion"": ""null""}";BWT-ZQP-VEP-RZQ-U1_e0f9c67b-4b1a-4c5c-9140-ab9bbd635d0c;2026-09-21 12:00:09.234742+00
5f1e6726-d962-46ef-89ae-f7d4b45fa367;BWT-ZQP-VEP-RZQ-U1;selected;User selected language version: Arabic;language_list_screen;1789979241057;selected;d2c99bcb8ce7481bb80583b091c6e715;Ethiopia - Afaan Oromo;;"{""languageVersion"": ""null""}";BWT-ZQP-VEP-RZQ-U1_e0f9c67b-4b1a-4c5c-9140-ab9bbd635d0c;2026-09-21 12:00:09.234744+00
"0677b567-13f7-42ae-adf2-5e7b3b1e5eac";BWT-ZQP-VEP-RZQ-U1;cancelled;User cancelled language download: Arabic;language_list_screen;1789979242627;cancelled;d2c99bcb8ce7481bb80583b091c6e715;Arabic;;"{""languageVersion"": ""null""}";BWT-ZQP-VEP-RZQ-U1_e0f9c67b-4b1a-4c5c-9140-ab9bbd635d0c;2026-09-21 12:00:09.234745+00
93f02138-e141-4f23-9735-fbaa5f408b97;BWT-ZQP-VEP-RZQ-U1;selected;User selected language version: French;language_list_screen;1789979246834;selected;f3195a61b68d4fdb84ae729e8d0aaccc;Ethiopia - Afaan Oromo;;"{""languageVersion"": ""null""}";BWT-ZQP-VEP-RZQ-U1_e0f9c67b-4b1a-4c5c-9140-ab9bbd635d0c;2026-09-21 12:00:09.234747+00
"0e9c559c-bea4-4d51-82ae-2d3a3479c0ac";BWT-ZQP-VEP-RZQ-U1;cancelled;User cancelled language download: French;language_list_screen;1789979248338;cancelled;f3195a61b68d4fdb84ae729e8d0aaccc;French;;"{""languageVersion"": ""null""}";BWT-ZQP-VEP-RZQ-U1_e0f9c67b-4b1a-4c5c-9140-ab9bbd635d0c;2026-09-21 12:00:09.234749+00
"08daff69-69ca-4ae6-a580-f0951e4ab7d9";BWT-ZQP-VEP-RZQ-U1;selected;User selected language version: Tajikistan - Russian;language_list_screen;1789979252452;selected;7dbae0bb06d2484aae1142b7c627c39e;Ethiopia - Afaan Oromo;;"{""languageVersion"": ""null""}";BWT-ZQP-VEP-RZQ-U1_e0f9c67b-4b1a-4c5c-9140-ab9bbd635d0c;2026-09-21 12:00:09.234751+00
23a1739d-f559-4e1e-8b18-debcb25e07b2;BWT-ZQP-VEP-RZQ-U1;cancelled;User cancelled language download: Tajikistan - Russian;language_list_screen;1789979254223;cancelled;7dbae0bb06d2484aae1142b7c627c39e;Tajikistan - Russian;;"{""languageVersion"": ""null""}";BWT-ZQP-VEP-RZQ-U1_e0f9c67b-4b1a-4c5c-9140-ab9bbd635d0c;2026-09-21 12:00:09.234752+00
3ca28915-57d4-4919-8125-eb8f59162a66;BWT-ZQP-VEP-RZQ-U1;selected;User selected language version: Arabic;language_list_screen;1789979262846;selected;d2c99bcb8ce7481bb80583b091c6e715;Ethiopia - Afaan Oromo;;"{""languageVersion"": ""null""}";BWT-ZQP-VEP-RZQ-U1_e0f9c67b-4b1a-4c5c-9140-ab9bbd635d0c;2026-09-21 12:00:09.234754+00
e77de4e2-587a-481e-8494-3454bcc10eae;BWT-ZQP-VEP-RZQ-U1;cancelled;User cancelled language download: Arabic;language_list_screen;1789979264450;cancelled;d2c99bcb8ce7481bb80583b091c6e715;Arabic;;"{""languageVersion"": ""null""}";BWT-ZQP-VEP-RZQ-U1_e0f9c67b-4b1a-4c5c-9140-ab9bbd635d0c;2026-09-21 12:00:09.234756+00
2aa7c82a-42bf-47a0-ba44-ed2e7a47011e;BWT-ZQP-VEP-RZQ-U1;selected;User selected language version: India - Marathi;language_list_screen;1789979268442;selected;fb6d9ff7703c43d7baf225f0c2fd73b0;Ethiopia - Afaan Oromo;;"{""languageVersion"": ""null""}";BWT-ZQP-VEP-RZQ-U1_e0f9c67b-4b1a-4c5c-9140-ab9bbd635d0c;2026-09-21 12:00:09.234758+00
221f6dd8-c05e-4101-a3ca-ce38c03082ca;BWT-ZQP-VEP-RZQ-U1;cancelled;User cancelled language download: India - Marathi;language_list_screen;1789979269942;cancelled;fb6d9ff7703c43d7baf225f0c2fd73b0;India - Marathi;;"{""languageVersion"": ""null""}";BWT-ZQP-VEP-RZQ-U1_e0f9c67b-4b1a-4c5c-9140-ab9bbd635d0c;2026-09-21 12:00:09.23476+00
"063b065e-cb86-4072-918b-8a48bbd3c752";BWT-ZQP-VEP-RZQ-U1;selected;User selected language version: India - Hindi;language_list_screen;1789979273884;selected;1555901e4ef94e938b1f044ceb69324a;Ethiopia - Afaan Oromo;;"{""languageVersion"": ""null""}";BWT-ZQP-VEP-RZQ-U1_e0f9c67b-4b1a-4c5c-9140-ab9bbd635d0c;2026-09-21 12:00:09.234762+00
e7ce8398-779a-43f0-a02a-6c2633b745d5;BWT-ZQP-VEP-RZQ-U1;cancelled;User cancelled language download: India - Hindi;language_list_screen;1789979275400;cancelled;1555901e4ef94e938b1f044ceb69324a;India - Hindi;;"{""languageVersion"": ""null""}";BWT-ZQP-VEP-RZQ-U1_e0f9c67b-4b1a-4c5c-9140-ab9bbd635d0c;2026-09-21 12:00:09.234764+00
"09787be2-a1e3-431d-bbc6-8bcdde36cb5b";BWT-ZQP-VEP-RZQ-U1;selected;User selected language version: India - English;language_list_screen;1789979279413;selected;c2a3d65fd31a4322b78520566aa8cf15;Ethiopia - Afaan Oromo;;"{""languageVersion"": ""null""}";BWT-ZQP-VEP-RZQ-U1_e0f9c67b-4b1a-4c5c-9140-ab9bbd635d0c;2026-09-21 12:00:09.234765+00
ddf331d9-cf80-4216-ac71-f2e47e170225;BWT-ZQP-VEP-RZQ-U1;cancelled;User cancelled language download: India - English;language_list_screen;1789979281337;cancelled;c2a3d65fd31a4322b78520566aa8cf15;India - English;;"{""languageVersion"": ""null""}";BWT-ZQP-VEP-RZQ-U1_e0f9c67b-4b1a-4c5c-9140-ab9bbd635d0c;2026-09-21 12:00:09.234767+00
8178887f-dae8-4db5-bf17-c5c177530218;BWT-ZQP-VEP-RZQ-U1;selected;User selected language version: Cambodia;language_list_screen;1789979287549;selected;224d980101ef45ec9810730b87767c37;Ethiopia - Afaan Oromo;;"{""languageVersion"": ""null""}";BWT-ZQP-VEP-RZQ-U1_e0f9c67b-4b1a-4c5c-9140-ab9bbd635d0c;2026-09-21 12:00:09.234768+00
8e62113d-67a0-4ad1-8873-895045d34fb7;BWT-ZQP-VEP-RZQ-U1;cancelled;User cancelled language download: Cambodia;language_list_screen;1789979289172;cancelled;224d980101ef45ec9810730b87767c37;Cambodia;;"{""languageVersion"": ""null""}";BWT-ZQP-VEP-RZQ-U1_e0f9c67b-4b1a-4c5c-9140-ab9bbd635d0c;2026-09-21 12:00:09.23477+00
cce0ea32-5abe-4c07-8f66-1bccf24ae68b;BWT-ZQP-VEP-RZQ-U1;selected;User selected language version: Benin;language_list_screen;1789979292980;selected;3de161d3576648868cb0e8ce72b5fe81;Ethiopia - Afaan Oromo;;"{""languageVersion"": ""null""}";BWT-ZQP-VEP-RZQ-U1_e0f9c67b-4b1a-4c5c-9140-ab9bbd635d0c;2026-09-21 12:00:09.234772+00
668aecd4-2e22-4000-bc3d-aabcdad6a3bd;BWT-ZQP-VEP-RZQ-U1;cancelled;User cancelled language download: Benin;language_list_screen;1789979294707;cancelled;3de161d3576648868cb0e8ce72b5fe81;Benin;;"{""languageVersion"": ""null""}";BWT-ZQP-VEP-RZQ-U1_e0f9c67b-4b1a-4c5c-9140-ab9bbd635d0c;2026-09-21 12:00:09.234773+00
c7356f82-14f8-4f77-a145-ca553bad6911;BWT-ZQP-VEP-RZQ-U1;selected;User selected language version: French;language_list_screen;1789979297739;selected;f3195a61b68d4fdb84ae729e8d0aaccc;Ethiopia - Afaan Oromo;;"{""languageVersion"": ""null""}";BWT-ZQP-VEP-RZQ-U1_e0f9c67b-4b1a-4c5c-9140-ab9bbd635d0c;2026-09-21 12:00:09.234775+00
7a4afc41-88f0-4798-a6af-04dc777b8fb7;BWT-ZQP-VEP-RZQ-U1;cancelled;User cancelled language download: French;language_list_screen;1789979299474;cancelled;f3195a61b68d4fdb84ae729e8d0aaccc;French;;"{""languageVersion"": ""null""}";BWT-ZQP-VEP-RZQ-U1_e0f9c67b-4b1a-4c5c-9140-ab9bbd635d0c;2026-09-21 12:00:09.234777+00
d3dffe6f-8970-48c0-aca8-a8eef682d97d;BWT-ZQP-VEP-RZQ-U1;selected;User selected language version: Portuguese;language_list_screen;1789979312638;selected;bd7c3bea339c467f880a8bca6d2ef2c1;Ethiopia - Afaan Oromo;;"{""languageVersion"": ""null""}";BWT-ZQP-VEP-RZQ-U1_e0f9c67b-4b1a-4c5c-9140-ab9bbd635d0c;2026-09-21 12:00:09.234779+00
78523c0a-6438-4937-8141-fa8f59df669c;BWT-ZQP-VEP-RZQ-U1;cancelled;User cancelled language download: Portuguese;language_list_screen;1789979314232;cancelled;bd7c3bea339c467f880a8bca6d2ef2c1;Portuguese;;"{""languageVersion"": ""null""}";BWT-ZQP-VEP-RZQ-U1_e0f9c67b-4b1a-4c5c-9140-ab9bbd635d0c;2026-09-21 12:00:09.23478+00
b1de026b-2686-40bc-b743-fce4e988b2e6;BWT-ZQP-VEP-RZQ-U1;selected;User selected language version: Arabic;language_list_screen;1789979317738;selected;d2c99bcb8ce7481bb80583b091c6e715;Ethiopia - Afaan Oromo;;"{""languageVersion"": ""null""}";BWT-ZQP-VEP-RZQ-U1_e0f9c67b-4b1a-4c5c-9140-ab9bbd635d0c;2026-09-21 12:00:09.234782+00
e907f76b-c544-4490-abc7-680c64431a44;BWT-ZQP-VEP-RZQ-U1;cancelled;User cancelled language download: Arabic;language_list_screen;1789979319532;cancelled;d2c99bcb8ce7481bb80583b091c6e715;Arabic;;"{""languageVersion"": ""null""}";BWT-ZQP-VEP-RZQ-U1_e0f9c67b-4b1a-4c5c-9140-ab9bbd635d0c;2026-09-21 12:00:09.234783+00
19b5bbbd-4f6a-45b8-9661-0f2295d8445c;BWT-ZQP-VEP-RZQ-U1;selected;User selected language version: Moldova;language_list_screen;1789979328263;selected;78773f3391884d1aa861a82f7ea9034d;Ethiopia - Afaan Oromo;;"{""languageVersion"": ""null""}";BWT-ZQP-VEP-RZQ-U1_e0f9c67b-4b1a-4c5c-9140-ab9bbd635d0c;2026-09-21 12:00:09.234785+00
cbac975b-4884-4e47-a66f-990ef45326a2;BWT-ZQP-VEP-RZQ-U1;cancelled;User cancelled language download: Moldova;language_list_screen;1789979329963;cancelled;78773f3391884d1aa861a82f7ea9034d;Moldova;;"{""languageVersion"": ""null""}";BWT-ZQP-VEP-RZQ-U1_e0f9c67b-4b1a-4c5c-9140-ab9bbd635d0c;2026-09-21 12:00:09.234787+00
c5781142-9925-4ad6-ad78-d0ab7be8df6c;BWT-ZQP-VEP-RZQ-U1;selected;User selected language version: Portuguese;language_list_screen;1789979334124;selected;bd7c3bea339c467f880a8bca6d2ef2c1;Ethiopia - Afaan Oromo;;"{""languageVersion"": ""null""}";BWT-ZQP-VEP-RZQ-U1_e0f9c67b-4b1a-4c5c-9140-ab9bbd635d0c;2026-09-21 12:00:09.234789+00
558791ae-e67b-4211-9ed7-629db4961202;BWT-ZQP-VEP-RZQ-U1;cancelled;User cancelled language download: Portuguese;language_list_screen;1789979335841;cancelled;bd7c3bea339c467f880a8bca6d2ef2c1;Portuguese;;"{""languageVersion"": ""null""}";BWT-ZQP-VEP-RZQ-U1_e0f9c67b-4b1a-4c5c-9140-ab9bbd635d0c;2026-09-21 12:00:09.234791+00
b365c403-0824-4a1f-8af7-3d85a781bc81;BWT-ZQP-VEP-RZQ-U1;selected;User selected language version: Laos;language_list_screen;1789979339899;selected;d38afeb3917641b7ae9e6e6adebb06de;Ethiopia - Afaan Oromo;;"{""languageVersion"": ""null""}";BWT-ZQP-VEP-RZQ-U1_e0f9c67b-4b1a-4c5c-9140-ab9bbd635d0c;2026-09-21 12:00:09.234792+00
3ad20c09-971d-4324-b9d0-5dc3e7c5181a;BWT-ZQP-VEP-RZQ-U1;cancelled;User cancelled language download: Laos;language_list_screen;1789979341886;cancelled;d38afeb3917641b7ae9e6e6adebb06de;Laos;;"{""languageVersion"": ""null""}";BWT-ZQP-VEP-RZQ-U1_e0f9c67b-4b1a-4c5c-9140-ab9bbd635d0c;2026-09-21 12:00:09.234794+00
3c1f8a64-b979-42e9-9dd6-2fa8ce0478e7;BWT-ZQP-VEP-RZQ-U1;selected;User selected language version: Kyrgyzstan - Kyrgyz;language_list_screen;1789979344944;selected;fada7ff0808849ee97b1ebae764d2873;Ethiopia - Afaan Oromo;;"{""languageVersion"": ""null""}";BWT-ZQP-VEP-RZQ-U1_e0f9c67b-4b1a-4c5c-9140-ab9bbd635d0c;2026-09-21 12:00:09.234796+00
e91dbbb9-0089-441a-8600-4e16fb03fc18;BWT-ZQP-VEP-RZQ-U1;cancelled;User cancelled language download: Kyrgyzstan - Kyrgyz;language_list_screen;1789979346889;cancelled;fada7ff0808849ee97b1ebae764d2873;Kyrgyzstan - Kyrgyz;;"{""languageVersion"": ""null""}";BWT-ZQP-VEP-RZQ-U1_e0f9c67b-4b1a-4c5c-9140-ab9bbd635d0c;2026-09-21 12:00:09.234798+00
a9a00e39-e951-423a-9d03-b9c60872df43;BWT-ZQP-VEP-RZQ-U1;selected;User selected language version: Arabic;language_list_screen;1789979349774;selected;d2c99bcb8ce7481bb80583b091c6e715;Ethiopia - Afaan Oromo;;"{""languageVersion"": ""null""}";BWT-ZQP-VEP-RZQ-U1_e0f9c67b-4b1a-4c5c-9140-ab9bbd635d0c;2026-09-21 12:00:09.2348+00
7c702ba8-5de3-44eb-aa15-a1264c01943c;BWT-ZQP-VEP-RZQ-U1;cancelled;User cancelled language download: Arabic;language_list_screen;1789979351609;cancelled;d2c99bcb8ce7481bb80583b091c6e715;Arabic;;"{""languageVersion"": ""null""}";BWT-ZQP-VEP-RZQ-U1_e0f9c67b-4b1a-4c5c-9140-ab9bbd635d0c;2026-09-21 12:00:09.234801+00
dca40826-9051-4dc4-8336-1d09e0bb5c12;BWT-ZQP-VEP-RZQ-U1;selected;User selected language version: French;language_list_screen;1789979363256;selected;f3195a61b68d4fdb84ae729e8d0aaccc;Ethiopia - Afaan Oromo;;"{""languageVersion"": ""null""}";BWT-ZQP-VEP-RZQ-U1_e0f9c67b-4b1a-4c5c-9140-ab9bbd635d0c;2026-09-21 12:00:09.234803+00
5c83d26b-25ac-4e0f-ae05-22558dffa7e5;BWT-ZQP-VEP-RZQ-U1;cancelled;User cancelled language download: French;language_list_screen;1789979365018;cancelled;f3195a61b68d4fdb84ae729e8d0aaccc;French;;"{""languageVersion"": ""null""}";BWT-ZQP-VEP-RZQ-U1_e0f9c67b-4b1a-4c5c-9140-ab9bbd635d0c;2026-09-21 12:00:09.234805+00
54dd91ae-cda5-4b0a-9f86-590972c22741;BWT-ZQP-VEP-RZQ-U1;selected;User selected language version: Uzbekistan - Russian;language_list_screen;1789979368909;selected;bdd7d335b7ac4e72880ab1c0c83d65e5;Ethiopia - Afaan Oromo;;"{""languageVersion"": ""null""}";BWT-ZQP-VEP-RZQ-U1_e0f9c67b-4b1a-4c5c-9140-ab9bbd635d0c;2026-09-21 12:00:09.234806+00
4fbfd4db-f476-40e2-9cbe-e09883a5fea3;BWT-ZQP-VEP-RZQ-U1;cancelled;User cancelled language download: Uzbekistan - Russian;language_list_screen;1789979370643;cancelled;bdd7d335b7ac4e72880ab1c0c83d65e5;Uzbekistan - Russian;;"{""languageVersion"": ""null""}";BWT-ZQP-VEP-RZQ-U1_e0f9c67b-4b1a-4c5c-9140-ab9bbd635d0c;2026-09-21 12:00:09.234808+00
9f56911d-e787-4d6e-a5ad-ce1b4ce15c4f;BWT-ZQP-VEP-RZQ-U1;selected;User selected language version: Spanish;language_list_screen;1789979374472;selected;dbfe8365037d40de961aaeabf7ede35e;Ethiopia - Afaan Oromo;;"{""languageVersion"": ""null""}";BWT-ZQP-VEP-RZQ-U1_e0f9c67b-4b1a-4c5c-9140-ab9bbd635d0c;2026-09-21 12:00:09.23481+00
19e67d31-fd0a-4700-9d83-8f362119ec89;BWT-ZQP-VEP-RZQ-U1;cancelled;User cancelled language download: Spanish;language_list_screen;1789979376061;cancelled;dbfe8365037d40de961aaeabf7ede35e;Spanish;;"{""languageVersion"": ""null""}";BWT-ZQP-VEP-RZQ-U1_e0f9c67b-4b1a-4c5c-9140-ab9bbd635d0c;2026-09-21 12:00:09.234811+00
a2ae5114-046d-4630-8aa9-7172acfdd487;BWT-ZQP-VEP-RZQ-U1;selected;User selected language version: Ukraine;language_list_screen;1789979382926;selected;6535f0ddfc0d4a0c8854c4bd1a6f97e8;Ethiopia - Afaan Oromo;;"{""languageVersion"": ""null""}";BWT-ZQP-VEP-RZQ-U1_e0f9c67b-4b1a-4c5c-9140-ab9bbd635d0c;2026-09-21 12:00:09.234813+00
95b02bb9-7af1-4f7b-928e-3a6a44023d7c;BWT-ZQP-VEP-RZQ-U1;cancelled;User cancelled language download: Ukraine;language_list_screen;1789979384790;cancelled;6535f0ddfc0d4a0c8854c4bd1a6f97e8;Ukraine;;"{""languageVersion"": ""null""}";BWT-ZQP-VEP-RZQ-U1_e0f9c67b-4b1a-4c5c-9140-ab9bbd635d0c;2026-09-21 12:00:09.234815+00
efa42121-3e67-4803-8548-9aad237a8690;BWT-ZQP-VEP-RZQ-U1;selected;User selected language version: Uzbekistan - Uzbek;language_list_screen;1789979394516;selected;a1cdbc5e48b74dbca1a3fdc4842f8f4a;Ethiopia - Afaan Oromo;;"{""languageVersion"": ""null""}";BWT-ZQP-VEP-RZQ-U1_e0f9c67b-4b1a-4c5c-9140-ab9bbd635d0c;2026-09-21 12:00:09.234816+00
e7cfec9d-9dc3-404a-8482-09252c480f31;BWT-ZQP-VEP-RZQ-U1;cancelled;User cancelled language download: Uzbekistan - Uzbek;language_list_screen;1789979396243;cancelled;a1cdbc5e48b74dbca1a3fdc4842f8f4a;Uzbekistan - Uzbek;;"{""languageVersion"": ""null""}";BWT-ZQP-VEP-RZQ-U1_e0f9c67b-4b1a-4c5c-9140-ab9bbd635d0c;2026-09-21 12:00:09.234818+00
2a6456a6-56e6-4df9-b24c-dadf830ab105;BWT-ZQP-VEP-RZQ-U1;selected;User selected language version: Ethiopia - English;language_list_screen;1789979408914;selected;d6e10239c4eb4b90b3cbb9ae1986907d;Ethiopia - Afaan Oromo;;"{""languageVersion"": ""null""}";BWT-ZQP-VEP-RZQ-U1_e0f9c67b-4b1a-4c5c-9140-ab9bbd635d0c;2026-09-21 12:00:09.23482+00
"08d71daa-efe3-4945-91de-d76268ba58cf";BWT-ZQP-VEP-RZQ-U1;cancelled;User cancelled language download: Ethiopia - English;language_list_screen;1789979410565;cancelled;d6e10239c4eb4b90b3cbb9ae1986907d;Ethiopia - English;;"{""languageVersion"": ""null""}";BWT-ZQP-VEP-RZQ-U1_e0f9c67b-4b1a-4c5c-9140-ab9bbd635d0c;2026-09-21 12:00:09.234821+00
fad15bac-078c-4d45-bef1-bbbbe36de867;BWT-ZQP-VEP-RZQ-U1;selected;User selected language version: India - Gujrati;language_list_screen;1789979414738;selected;310e335f94374ca29a0aa21393840563;Ethiopia - Afaan Oromo;;"{""languageVersion"": ""null""}";BWT-ZQP-VEP-RZQ-U1_e0f9c67b-4b1a-4c5c-9140-ab9bbd635d0c;2026-09-21 12:00:09.234823+00
44741ed2-f6e7-4fb0-b932-9054f9412f77;BWT-ZQP-VEP-RZQ-U1;cancelled;User cancelled language download: India - Gujrati;language_list_screen;1789979416471;cancelled;310e335f94374ca29a0aa21393840563;India - Gujrati;;"{""languageVersion"": ""null""}";BWT-ZQP-VEP-RZQ-U1_e0f9c67b-4b1a-4c5c-9140-ab9bbd635d0c;2026-09-21 12:00:09.234825+00
"0f109e8f-5636-41fd-aad0-cb20219f77bc";BWT-ZQP-VEP-RZQ-U1;selected;User selected language version: Ethiopia - Amharic;language_list_screen;1789979420778;selected;1300fa32d2c54f12bffdbc0bdb87ae6f;Ethiopia - Afaan Oromo;;"{""languageVersion"": ""null""}";BWT-ZQP-VEP-RZQ-U1_e0f9c67b-4b1a-4c5c-9140-ab9bbd635d0c;2026-09-21 12:00:09.234826+00
bc931597-58ff-4812-9d60-6a9273390d1a;BWT-ZQP-VEP-RZQ-U1;cancelled;User cancelled language download: Ethiopia - Amharic;language_list_screen;1789979422194;cancelled;1300fa32d2c54f12bffdbc0bdb87ae6f;Ethiopia - Amharic;;"{""languageVersion"": ""null""}";BWT-ZQP-VEP-RZQ-U1_e0f9c67b-4b1a-4c5c-9140-ab9bbd635d0c;2026-09-21 12:00:09.234828+00
e8062b18-a793-45d4-b728-631ff1754f71;BWT-ZQP-VEP-RZQ-U1;selected;User selected language version: Ethiopia - Afaan Oromo;language_list_screen;1789979426580;selected;47d3527babd24e5594eec3fa42b681e0;Ethiopia - Afaan Oromo;;"{""languageVersion"": ""null""}";BWT-ZQP-VEP-RZQ-U1_e0f9c67b-4b1a-4c5c-9140-ab9bbd635d0c;2026-09-21 12:00:09.23483+00
32e2d9dc-91f5-4bd5-b49b-d319857b3af8;BWT-ZQP-YKS-ITJ-U1;selected;User selected language version: Portuguese;language_list_screen;1789979440412;selected;bd7c3bea339c467f880a8bca6d2ef2c1;Portuguese;;"{""languageVersion"": ""null""}";BWT-ZQP-YKS-ITJ-U1_4086330b-4e31-4955-8360-ec3ec0567e9a;2026-09-21 12:00:09.278424+00
198c67b6-1cea-4d4f-983a-a8271d3880e2;BWT-ZQP-YKS-ITJ-U1;downloaded;Preparing language assets for download on onboarding screen;onboarding_screen;1789979444191;completed;bd7c3bea339c467f880a8bca6d2ef2c1;Portuguese;;;BWT-ZQP-YKS-ITJ-U1_4086330b-4e31-4955-8360-ec3ec0567e9a;2026-09-21 12:00:09.278791+00
43f4051e-8683-44e1-8fbb-8f81a9259de3;BWT-ZQT-AJV-QMH-U1;selected;User selected language version: India - English;language_list_screen;1789979434373;selected;c2a3d65fd31a4322b78520566aa8cf15;French;;"{""languageVersion"": ""null""}";BWT-ZQT-AJV-QMH-U1_443fe675-eeab-4f47-a059-2cbcf6aa441d;2026-09-21 12:00:09.348332+00
d163574d-fc18-47cf-b956-844ecbb1d476;BWT-ZQT-AJV-QMH-U1;downloaded;User confirmed download for language: India - English;language_list_screen;1789979436866;completed;c2a3d65fd31a4322b78520566aa8cf15;French;;"{""languageVersion"": ""null""}";BWT-ZQT-AJV-QMH-U1_443fe675-eeab-4f47-a059-2cbcf6aa441d;2026-09-21 12:00:09.348335+00
42d5a57a-8556-4462-a194-c09d6573f5b1;BWT-ZQT-AJV-QMH-U1;cancelled;User cancelled language download: India - English;language_list_screen;1789979438293;cancelled;c2a3d65fd31a4322b78520566aa8cf15;India - English;;"{""languageVersion"": ""null""}";BWT-ZQT-AJV-QMH-U1_443fe675-eeab-4f47-a059-2cbcf6aa441d;2026-09-21 12:00:09.348337+00
f074cc86-99cc-4323-8fa0-f334b819de1c;BWT-ZQT-AJV-QMH-U1;selected;User selected language version: English;language_list_screen;1789979447207;selected;289c0715e027451abc8edfdb361119bf;French;;"{""languageVersion"": ""null""}";BWT-ZQT-AJV-QMH-U1_443fe675-eeab-4f47-a059-2cbcf6aa441d;2026-09-21 12:00:09.348339+00
"0f2a08a2-74d4-425d-bcfa-332d401d2662";BWT-ZQT-AJV-QMH-U1;downloaded;Download without videos: English;language_list_screen;1789979448596;completed;289c0715e027451abc8edfdb361119bf;English;1;"{""languageVersion"": ""null""}";BWT-ZQT-AJV-QMH-U1_443fe675-eeab-4f47-a059-2cbcf6aa441d;2026-09-21 12:00:09.34834+00
"055af8df-83b0-4d92-89ba-b5fdd7db3266";BWT-ZQT-AJV-QMH-U1;cancelled;User cancelled language download: English;language_list_screen;1789979450148;cancelled;289c0715e027451abc8edfdb361119bf;English;;"{""languageVersion"": ""null""}";BWT-ZQT-AJV-QMH-U1_443fe675-eeab-4f47-a059-2cbcf6aa441d;2026-09-21 12:00:09.348342+00
d48716f9-2efc-4864-824c-49d6c4958ea8;BWT-ZQT-AJV-QMH-U1;selected;User selected language version: Uzbekistan - Uzbek;language_list_screen;1789979454028;selected;a1cdbc5e48b74dbca1a3fdc4842f8f4a;French;;"{""languageVersion"": ""null""}";BWT-ZQT-AJV-QMH-U1_443fe675-eeab-4f47-a059-2cbcf6aa441d;2026-09-21 12:00:09.348344+00
f3859145-f537-4fb9-8239-bd7f7b3d3067;BWT-ZQT-AJV-QMH-U1;cancelled;User cancelled language download: Uzbekistan - Uzbek;language_list_screen;1789979455448;cancelled;a1cdbc5e48b74dbca1a3fdc4842f8f4a;Uzbekistan - Uzbek;;"{""languageVersion"": ""null""}";BWT-ZQT-AJV-QMH-U1_443fe675-eeab-4f47-a059-2cbcf6aa441d;2026-09-21 12:00:09.348345+00
9fcbb96f-8b20-4d7a-98f5-520c2245015e;BWT-ZQT-AJV-QMH-U1;selected;User selected language version: Uzbekistan - Russian;language_list_screen;1789979457060;selected;bdd7d335b7ac4e72880ab1c0c83d65e5;French;;"{""languageVersion"": ""null""}";BWT-ZQT-AJV-QMH-U1_443fe675-eeab-4f47-a059-2cbcf6aa441d;2026-09-21 12:00:09.348347+00
720b269f-5f61-4c48-ae11-ac97e187c730;BWT-ZQT-AJV-QMH-U1;cancelled;User cancelled language download: Uzbekistan - Russian;language_list_screen;1789979458251;cancelled;bdd7d335b7ac4e72880ab1c0c83d65e5;Uzbekistan - Russian;;"{""languageVersion"": ""null""}";BWT-ZQT-AJV-QMH-U1_443fe675-eeab-4f47-a059-2cbcf6aa441d;2026-09-21 12:00:09.348348+00
efc282ef-50db-41b8-9652-19af480c4e3b;BWT-ZQT-AJV-QMH-U1;selected;User selected language version: Spanish;language_list_screen;1789979463137;selected;dbfe8365037d40de961aaeabf7ede35e;French;;"{""languageVersion"": ""null""}";BWT-ZQT-AJV-QMH-U1_443fe675-eeab-4f47-a059-2cbcf6aa441d;2026-09-21 12:00:09.34835+00
"0e01c7d3-20e5-47e7-abf7-12ffe16c8bec";BWT-ZQT-AJV-QMH-U1;cancelled;User cancelled language download: Spanish;language_list_screen;1789979464278;cancelled;dbfe8365037d40de961aaeabf7ede35e;Spanish;;"{""languageVersion"": ""null""}";BWT-ZQT-AJV-QMH-U1_443fe675-eeab-4f47-a059-2cbcf6aa441d;2026-09-21 12:00:09.348351+00
bbc7a62f-8648-4d24-98c7-6a7b85048036;BWT-ZQT-AJV-QMH-U1;selected;User selected language version: Arabic;language_list_screen;1789979467081;selected;d2c99bcb8ce7481bb80583b091c6e715;French;;"{""languageVersion"": ""null""}";BWT-ZQT-AJV-QMH-U1_443fe675-eeab-4f47-a059-2cbcf6aa441d;2026-09-21 12:00:09.348353+00
f6f6de93-9da9-4f47-995b-5e568da48a30;BWT-ZQT-AJV-QMH-U1;cancelled;User cancelled language download: Arabic;language_list_screen;1789979468573;cancelled;d2c99bcb8ce7481bb80583b091c6e715;Arabic;;"{""languageVersion"": ""null""}";BWT-ZQT-AJV-QMH-U1_443fe675-eeab-4f47-a059-2cbcf6aa441d;2026-09-21 12:00:09.348355+00
17ca6c35-eb31-493d-8b9e-27bb8931b233;BWT-ZQT-AJV-QMH-U1;selected;User selected language version: Afghanistan;language_list_screen;1789979472413;selected;ce6c5142689e4be5abb4f2aed46a688d;French;;"{""languageVersion"": ""null""}";BWT-ZQT-AJV-QMH-U1_443fe675-eeab-4f47-a059-2cbcf6aa441d;2026-09-21 12:00:09.348357+00
d286b0eb-e599-4896-aca1-042a4e5acb14;BWT-ZQT-AJV-QMH-U1;cancelled;User cancelled language download: Afghanistan;language_list_screen;1789979473811;cancelled;ce6c5142689e4be5abb4f2aed46a688d;Afghanistan;;"{""languageVersion"": ""null""}";BWT-ZQT-AJV-QMH-U1_443fe675-eeab-4f47-a059-2cbcf6aa441d;2026-09-21 12:00:09.348358+00
"0603aaa0-1413-453e-8890-0b3125da1c36";BWT-ZQT-AJV-QMH-U1;selected;User selected language version: Portuguese;language_list_screen;1789979477300;selected;bd7c3bea339c467f880a8bca6d2ef2c1;French;;"{""languageVersion"": ""null""}";BWT-ZQT-AJV-QMH-U1_443fe675-eeab-4f47-a059-2cbcf6aa441d;2026-09-21 12:00:09.34836+00
7ede46e9-5d77-466c-8cb8-98d3f55cbf4e;BWT-ZQT-AJV-QMH-U1;cancelled;User cancelled language download: Portuguese;language_list_screen;1789979478681;cancelled;bd7c3bea339c467f880a8bca6d2ef2c1;Portuguese;;"{""languageVersion"": ""null""}";BWT-ZQT-AJV-QMH-U1_443fe675-eeab-4f47-a059-2cbcf6aa441d;2026-09-21 12:00:09.348362+00
20e53592-b926-4b58-b14b-113badbd6673;BWT-ZQT-AJV-QMH-U1;selected;User selected language version: French;language_list_screen;1789979480265;selected;f3195a61b68d4fdb84ae729e8d0aaccc;French;;"{""languageVersion"": ""null""}";BWT-ZQT-AJV-QMH-U1_443fe675-eeab-4f47-a059-2cbcf6aa441d;2026-09-21 12:00:09.348364+00
f788c596-e46b-4ff3-8753-0fc722cdbda7;BWT-ZQT-AJV-QMH-U1;cancelled;User cancelled language download: French;language_list_screen;1789979482531;cancelled;f3195a61b68d4fdb84ae729e8d0aaccc;French;;"{""languageVersion"": ""null""}";BWT-ZQT-AJV-QMH-U1_443fe675-eeab-4f47-a059-2cbcf6aa441d;2026-09-21 12:00:09.348365+00
9586bf20-1519-427a-8c94-dbc6779d86b8;BWT-ZQT-AJV-QMH-U1;selected;User selected language version: Ethiopia - Somali;language_list_screen;1789979491435;selected;c95a491dd8a745769f31b7bba4b9877f;French;;"{""languageVersion"": ""null""}";BWT-ZQT-AJV-QMH-U1_443fe675-eeab-4f47-a059-2cbcf6aa441d;2026-09-21 12:00:09.348367+00
1bcd7fba-009a-4054-a842-8cb5b8765995;BWT-ZQT-AJV-QMH-U1;cancelled;User cancelled language download: Ethiopia - Somali;language_list_screen;1789979493656;cancelled;c95a491dd8a745769f31b7bba4b9877f;Ethiopia - Somali;;"{""languageVersion"": ""null""}";BWT-ZQT-AJV-QMH-U1_443fe675-eeab-4f47-a059-2cbcf6aa441d;2026-09-21 12:00:09.348368+00
769833c0-7f33-4b68-8b47-19b6874547c4;BWT-ZQT-AJV-QMH-U1;selected;User selected language version: French;language_list_screen;1789979496454;selected;f3195a61b68d4fdb84ae729e8d0aaccc;French;;"{""languageVersion"": ""null""}";BWT-ZQT-AJV-QMH-U1_443fe675-eeab-4f47-a059-2cbcf6aa441d;2026-09-21 12:00:09.34837+00
c930ac86-f697-488c-a100-7c433e811964;BWT-ZQT-AJV-QMH-U1;cancelled;User cancelled language download: French;language_list_screen;1789979497640;cancelled;f3195a61b68d4fdb84ae729e8d0aaccc;French;;"{""languageVersion"": ""null""}";BWT-ZQT-AJV-QMH-U1_443fe675-eeab-4f47-a059-2cbcf6aa441d;2026-09-21 12:00:09.348372+00
3a50b361-39f7-4359-b930-984b5063e550;BWT-ZQT-AJV-QMH-U1;selected;User selected language version: Benin;language_list_screen;1789979532821;selected;3de161d3576648868cb0e8ce72b5fe81;Benin;;"{""device_model"": ""SM-S918U1"", ""languageVersion"": ""null""}";BWT-ZQT-AJV-QMH-U1_993733a5-2241-48d2-b585-ea212a3103b1;2026-09-21 12:00:09.560646+00
3b221fd1-1854-4670-83ca-76b4568a6ac6;BWT-ZQT-AJV-QMH-U1;downloaded;User confirmed download for language: Benin;language_list_screen;1789979535304;completed;3de161d3576648868cb0e8ce72b5fe81;Benin;;"{""device_model"": ""SM-S918U1"", ""languageVersion"": ""null""}";BWT-ZQT-AJV-QMH-U1_993733a5-2241-48d2-b585-ea212a3103b1;2026-09-21 12:00:09.560649+00
3ad7d330-d30d-477b-95a2-e6cab516e6b9;BWT-ZQT-AJV-QMH-U1;cancelled;User cancelled language download: Benin;language_list_screen;1789979536840;cancelled;3de161d3576648868cb0e8ce72b5fe81;Benin;;"{""device_model"": ""SM-S918U1"", ""languageVersion"": ""null""}";BWT-ZQT-AJV-QMH-U1_993733a5-2241-48d2-b585-ea212a3103b1;2026-09-21 12:00:09.560651+00
d48fb5d7-09c3-4731-b9bb-4facb13d38b0;BWT-ZQT-MRS-CUC-U1;selected;User selected language version: Spanish;language_list_screen;1789979470767;selected;dbfe8365037d40de961aaeabf7ede35e;India - Marathi;;"{""languageVersion"": ""null""}";BWT-ZQT-MRS-CUC-U1_348c921f-0d2a-470d-8efb-f34bfa2a43b4;2026-09-21 12:00:09.603537+00
cac664f7-4576-4b47-ac64-bbb166af34c9;BWT-ZQT-MRS-CUC-U1;downloaded;User confirmed download for language: Spanish;language_list_screen;1789979472767;completed;dbfe8365037d40de961aaeabf7ede35e;India - Marathi;;"{""languageVersion"": ""null""}";BWT-ZQT-MRS-CUC-U1_348c921f-0d2a-470d-8efb-f34bfa2a43b4;2026-09-21 12:00:09.603541+00
fbe62efb-a627-4b6b-87d8-98ea496d323a;BWT-ZQT-MRS-CUC-U1;cancelled;User cancelled language download: Spanish;language_list_screen;1789979474617;cancelled;dbfe8365037d40de961aaeabf7ede35e;Spanish;;"{""languageVersion"": ""null""}";BWT-ZQT-MRS-CUC-U1_348c921f-0d2a-470d-8efb-f34bfa2a43b4;2026-09-21 12:00:09.603543+00
"0cbef4cb-d403-4c9e-b62e-7cc143d18f13";BWT-ZQT-MRS-CUC-U1;selected;User selected language version: Afghanistan;language_list_screen;1789979477254;selected;ce6c5142689e4be5abb4f2aed46a688d;India - Marathi;;"{""languageVersion"": ""null""}";BWT-ZQT-MRS-CUC-U1_348c921f-0d2a-470d-8efb-f34bfa2a43b4;2026-09-21 12:00:09.603545+00
4f89306c-914d-41f8-9f0b-6307ecbda870;BWT-ZQT-MRS-CUC-U1;cancelled;User cancelled language download: Afghanistan;language_list_screen;1789979478582;cancelled;ce6c5142689e4be5abb4f2aed46a688d;Afghanistan;;"{""languageVersion"": ""null""}";BWT-ZQT-MRS-CUC-U1_348c921f-0d2a-470d-8efb-f34bfa2a43b4;2026-09-21 12:00:09.603547+00
74396173-459f-403c-a41b-5aa19ad2c67e;BWT-ZQT-MRS-CUC-U1;selected;User selected language version: Arabic;language_list_screen;1789979484272;selected;d2c99bcb8ce7481bb80583b091c6e715;India - Marathi;;"{""languageVersion"": ""null""}";BWT-ZQT-MRS-CUC-U1_348c921f-0d2a-470d-8efb-f34bfa2a43b4;2026-09-21 12:00:09.603549+00
2314a8ef-a74c-4843-9491-f1656633aa6b;BWT-ZQT-MRS-CUC-U1;cancelled;User cancelled language download: Arabic;language_list_screen;1789979486303;cancelled;d2c99bcb8ce7481bb80583b091c6e715;Arabic;;"{""languageVersion"": ""null""}";BWT-ZQT-MRS-CUC-U1_348c921f-0d2a-470d-8efb-f34bfa2a43b4;2026-09-21 12:00:09.603551+00
"0891c987-98dc-4730-9a76-ad1e82bf3046";BWT-ZQT-MRS-CUC-U1;selected;User selected language version: Arabic;language_list_screen;1789979500296;selected;d2c99bcb8ce7481bb80583b091c6e715;India - Marathi;;"{""languageVersion"": ""null""}";BWT-ZQT-MRS-CUC-U1_348c921f-0d2a-470d-8efb-f34bfa2a43b4;2026-09-21 12:00:09.603553+00
"03685c44-54b5-4634-9dca-aaa17a7a460b";BWT-ZQT-MRS-CUC-U1;downloaded;Download without videos: Arabic;language_list_screen;1789979502153;completed;d2c99bcb8ce7481bb80583b091c6e715;Arabic;1;"{""languageVersion"": ""null""}";BWT-ZQT-MRS-CUC-U1_348c921f-0d2a-470d-8efb-f34bfa2a43b4;2026-09-21 12:00:09.603555+00
6253daa7-7f75-4887-ad4e-ebf157b4e9dc;BWT-ZQT-MRS-CUC-U1;cancelled;User cancelled language download: Arabic;language_list_screen;1789979504007;cancelled;d2c99bcb8ce7481bb80583b091c6e715;Arabic;;"{""languageVersion"": ""null""}";BWT-ZQT-MRS-CUC-U1_348c921f-0d2a-470d-8efb-f34bfa2a43b4;2026-09-21 12:00:09.603557+00
5feee8e5-1dea-4d96-b599-3f98be216a8d;BWT-ZQT-MRS-CUC-U1;selected;User selected language version: Benin;language_list_screen;1789979516490;selected;3de161d3576648868cb0e8ce72b5fe81;India - Marathi;;"{""languageVersion"": ""null""}";BWT-ZQT-MRS-CUC-U1_348c921f-0d2a-470d-8efb-f34bfa2a43b4;2026-09-21 12:00:09.603559+00
bf043379-6307-4f42-875c-c762cc9c3d77;BWT-ZQT-MRS-CUC-U1;cancelled;User cancelled language download: Benin;language_list_screen;1789979518380;cancelled;3de161d3576648868cb0e8ce72b5fe81;Benin;;"{""languageVersion"": ""null""}";BWT-ZQT-MRS-CUC-U1_348c921f-0d2a-470d-8efb-f34bfa2a43b4;2026-09-21 12:00:09.60356+00
1546bc40-d35b-42bf-8964-ab4950c939c5;BWT-ZQT-MRS-CUC-U1;selected;User selected language version: Ethiopia - Afaan Oromo;language_list_screen;1789979520929;selected;47d3527babd24e5594eec3fa42b681e0;India - Marathi;;"{""languageVersion"": ""null""}";BWT-ZQT-MRS-CUC-U1_348c921f-0d2a-470d-8efb-f34bfa2a43b4;2026-09-21 12:00:09.603562+00
afdd5028-12c9-4ea4-b97a-f4266bffa997;BWT-ZQT-MRS-CUC-U1;cancelled;User cancelled language download: Ethiopia - Afaan Oromo;language_list_screen;1789979522277;cancelled;47d3527babd24e5594eec3fa42b681e0;Ethiopia - Afaan Oromo;;"{""languageVersion"": ""null""}";BWT-ZQT-MRS-CUC-U1_348c921f-0d2a-470d-8efb-f34bfa2a43b4;2026-09-21 12:00:09.603564+00
cbb4315f-a58f-4585-8401-39c9821df2fa;BWT-ZQT-MRS-CUC-U1;selected;User selected language version: Cambodia;language_list_screen;1789979525851;selected;224d980101ef45ec9810730b87767c37;India - Marathi;;"{""languageVersion"": ""null""}";BWT-ZQT-MRS-CUC-U1_348c921f-0d2a-470d-8efb-f34bfa2a43b4;2026-09-21 12:00:09.603566+00
a0cf7226-b400-4f77-9c94-04355037b85a;BWT-ZQT-MRS-CUC-U1;cancelled;User cancelled language download: Cambodia;language_list_screen;1789979527118;cancelled;224d980101ef45ec9810730b87767c37;Cambodia;;"{""languageVersion"": ""null""}";BWT-ZQT-MRS-CUC-U1_348c921f-0d2a-470d-8efb-f34bfa2a43b4;2026-09-21 12:00:09.603568+00
479d0499-f23e-4d0e-99cd-1f931666c86b;BWT-ZQT-MRS-CUC-U1;selected;User selected language version: Ethiopia - English;language_list_screen;1789979538446;selected;d6e10239c4eb4b90b3cbb9ae1986907d;India - Marathi;;"{""languageVersion"": ""null""}";BWT-ZQT-MRS-CUC-U1_348c921f-0d2a-470d-8efb-f34bfa2a43b4;2026-09-21 12:00:09.60357+00
ee400f55-2c56-41dd-a0ad-d74dd8d99562;BWT-ZQT-MRS-CUC-U1;cancelled;User cancelled language download: Ethiopia - English;language_list_screen;1789979540270;cancelled;d6e10239c4eb4b90b3cbb9ae1986907d;Ethiopia - English;;"{""languageVersion"": ""null""}";BWT-ZQT-MRS-CUC-U1_348c921f-0d2a-470d-8efb-f34bfa2a43b4;2026-09-21 12:00:09.603572+00
db2c8e00-4e13-46be-bb55-159c4be1ee67;BWT-ZQT-MRS-CUC-U1;selected;User selected language version: French;language_list_screen;1789979542725;selected;f3195a61b68d4fdb84ae729e8d0aaccc;India - Marathi;;"{""languageVersion"": ""null""}";BWT-ZQT-MRS-CUC-U1_348c921f-0d2a-470d-8efb-f34bfa2a43b4;2026-09-21 12:00:09.603573+00
5d21b29b-34d3-43b4-bcfc-daa58cb900af;BWT-ZQT-MRS-CUC-U1;cancelled;User cancelled language download: French;language_list_screen;1789979544552;cancelled;f3195a61b68d4fdb84ae729e8d0aaccc;French;;"{""languageVersion"": ""null""}";BWT-ZQT-MRS-CUC-U1_348c921f-0d2a-470d-8efb-f34bfa2a43b4;2026-09-21 12:00:09.603575+00
73300ccb-cf6f-4c28-84d2-a604036ed0e0;BWT-ZQT-MRS-CUC-U1;selected;User selected language version: Cambodia;language_list_screen;1789979549792;selected;224d980101ef45ec9810730b87767c37;India - Marathi;;"{""languageVersion"": ""null""}";BWT-ZQT-MRS-CUC-U1_348c921f-0d2a-470d-8efb-f34bfa2a43b4;2026-09-21 12:00:09.603577+00
4d194a61-144c-4828-aba9-73d79a8e0910;BWT-ZQT-MRS-CUC-U1;cancelled;User cancelled language download: Cambodia;language_list_screen;1789979551111;cancelled;224d980101ef45ec9810730b87767c37;Cambodia;;"{""languageVersion"": ""null""}";BWT-ZQT-MRS-CUC-U1_348c921f-0d2a-470d-8efb-f34bfa2a43b4;2026-09-21 12:00:09.603579+00
63c4b446-2b5c-43e3-bc72-12dc1504ce62;BWT-ZQT-MRS-CUC-U1;selected;User selected language version: Bangladesh - Bangla;language_list_screen;1789979554684;selected;7b5c6d2548de4ec7a84335c592c2d05b;India - Marathi;;"{""languageVersion"": ""null""}";BWT-ZQT-MRS-CUC-U1_348c921f-0d2a-470d-8efb-f34bfa2a43b4;2026-09-21 12:00:09.603581+00
3674b9cb-6fa8-40cf-b1ff-0ab9f3ea419d;BWT-ZQT-MRS-CUC-U1;cancelled;User cancelled language download: Bangladesh - Bangla;language_list_screen;1789979556481;cancelled;7b5c6d2548de4ec7a84335c592c2d05b;Bangladesh - Bangla;;"{""languageVersion"": ""null""}";BWT-ZQT-MRS-CUC-U1_348c921f-0d2a-470d-8efb-f34bfa2a43b4;2026-09-21 12:00:09.603583+00
"0ae79cb3-5120-4fcd-a3fb-bb34b9140ca8";BWT-ZQT-MRS-CUC-U1;selected;User selected language version: India - Gujrati;language_list_screen;1789979564481;selected;310e335f94374ca29a0aa21393840563;India - Marathi;;"{""languageVersion"": ""null""}";BWT-ZQT-MRS-CUC-U1_348c921f-0d2a-470d-8efb-f34bfa2a43b4;2026-09-21 12:00:09.603585+00
699252bb-0a5d-48bc-bb5c-6cd7ea090687;BWT-ZQT-MRS-CUC-U1;cancelled;User cancelled language download: India - Gujrati;language_list_screen;1789979565762;cancelled;310e335f94374ca29a0aa21393840563;India - Gujrati;;"{""languageVersion"": ""null""}";BWT-ZQT-MRS-CUC-U1_348c921f-0d2a-470d-8efb-f34bfa2a43b4;2026-09-21 12:00:09.603586+00
913f7c2b-a13f-4dfa-a973-f8abfa91505a;BWT-ZQT-MRS-CUC-U1;selected;User selected language version: Portuguese;language_list_screen;1789979569098;selected;bd7c3bea339c467f880a8bca6d2ef2c1;India - Marathi;;"{""languageVersion"": ""null""}";BWT-ZQT-MRS-CUC-U1_348c921f-0d2a-470d-8efb-f34bfa2a43b4;2026-09-21 12:00:09.603588+00
8e7d9a21-2a9d-4464-abb1-24fa8c921d0f;BWT-ZQT-MRS-CUC-U1;cancelled;User cancelled language download: Portuguese;language_list_screen;1789979570926;cancelled;bd7c3bea339c467f880a8bca6d2ef2c1;Portuguese;;"{""languageVersion"": ""null""}";BWT-ZQT-MRS-CUC-U1_348c921f-0d2a-470d-8efb-f34bfa2a43b4;2026-09-21 12:00:09.60359+00
f1f5521c-40aa-455c-92b9-0fc70c2ab18c;BWT-ZQT-MRS-CUC-U1;selected;User selected language version: India - Marathi;language_list_screen;1789979573176;selected;fb6d9ff7703c43d7baf225f0c2fd73b0;India - Marathi;;"{""languageVersion"": ""null""}";BWT-ZQT-MRS-CUC-U1_348c921f-0d2a-470d-8efb-f34bfa2a43b4;2026-09-21 12:00:09.603592+00
2d4beb2c-1042-4100-8b3c-2e926d71e4ab;BWT-ZQT-MRS-CUC-U1;cancelled;User cancelled language download: India - Marathi;language_list_screen;1789979575092;cancelled;fb6d9ff7703c43d7baf225f0c2fd73b0;India - Marathi;;"{""languageVersion"": ""null""}";BWT-ZQT-MRS-CUC-U1_348c921f-0d2a-470d-8efb-f34bfa2a43b4;2026-09-21 12:00:09.603594+00
1a038afe-85f0-4635-b75c-a4d1685ae997;BWT-ZQT-MRS-CUC-U1;selected;User selected language version: Arabic;language_list_screen;1789979578623;selected;d2c99bcb8ce7481bb80583b091c6e715;India - Marathi;;"{""languageVersion"": ""null""}";BWT-ZQT-MRS-CUC-U1_348c921f-0d2a-470d-8efb-f34bfa2a43b4;2026-09-21 12:00:09.603596+00
381b0e85-2554-447b-bde5-34bc6c4b46cd;BWT-ZQU-ONS-IXD-U1;selected;User selected language version: Bangladesh - Bangla;language_list_screen;1789979556621;selected;7b5c6d2548de4ec7a84335c592c2d05b;Arabic;;"{""languageVersion"": ""null""}";BWT-ZQU-ONS-IXD-U1_b71be871-d312-463e-8b4d-6c5256b659f0;2026-09-21 12:00:09.65121+00
80856b0e-0add-447b-91cf-ee49137ee4ff;BWT-ZQU-ONS-IXD-U1;downloaded;Download without videos: Bangladesh - Bangla;language_list_screen;1789979559220;completed;7b5c6d2548de4ec7a84335c592c2d05b;Bangladesh - Bangla;1;"{""languageVersion"": ""null""}";BWT-ZQU-ONS-IXD-U1_b71be871-d312-463e-8b4d-6c5256b659f0;2026-09-21 12:00:09.651215+00
2b2a7030-1cac-453e-82d3-cabca15aa58b;BWT-ZQU-ONS-IXD-U1;cancelled;User cancelled language download: Bangladesh - Bangla;language_list_screen;1789979560790;cancelled;7b5c6d2548de4ec7a84335c592c2d05b;Bangladesh - Bangla;;"{""languageVersion"": ""null""}";BWT-ZQU-ONS-IXD-U1_b71be871-d312-463e-8b4d-6c5256b659f0;2026-09-21 12:00:09.651217+00
bacb86b7-62e5-4b54-879f-67568320a0c1;BWT-ZQU-ONS-IXD-U1;selected;User selected language version: English;language_list_screen;1789979562841;selected;289c0715e027451abc8edfdb361119bf;Arabic;;"{""languageVersion"": ""null""}";BWT-ZQU-ONS-IXD-U1_b71be871-d312-463e-8b4d-6c5256b659f0;2026-09-21 12:00:09.651218+00
d017af73-b112-49ae-a389-43881a68161a;BWT-ZQU-ONS-IXD-U1;downloaded;User confirmed download for language: English;language_list_screen;1789979565327;completed;289c0715e027451abc8edfdb361119bf;Arabic;;"{""languageVersion"": ""null""}";BWT-ZQU-ONS-IXD-U1_b71be871-d312-463e-8b4d-6c5256b659f0;2026-09-21 12:00:09.65122+00
6ac585f4-9076-4163-ae73-c51f5271488f;BWT-ZQU-ONS-IXD-U1;cancelled;User cancelled language download: English;language_list_screen;1789979567530;cancelled;289c0715e027451abc8edfdb361119bf;English;;"{""languageVersion"": ""null""}";BWT-ZQU-ONS-IXD-U1_b71be871-d312-463e-8b4d-6c5256b659f0;2026-09-21 12:00:09.651222+00
eee346bf-3387-46c3-a818-1bc152894d05;BWT-ZQU-ONS-IXD-U1;selected;User selected language version: Ethiopia - Afaan Oromo;language_list_screen;1789979572157;selected;47d3527babd24e5594eec3fa42b681e0;Arabic;;"{""languageVersion"": ""null""}";BWT-ZQU-ONS-IXD-U1_b71be871-d312-463e-8b4d-6c5256b659f0;2026-09-21 12:00:09.651224+00
10e504f2-1515-4567-bd1e-5c82f4106794;BWT-ZQU-ONS-IXD-U1;cancelled;User cancelled language download: Ethiopia - Afaan Oromo;language_list_screen;1789979573597;cancelled;47d3527babd24e5594eec3fa42b681e0;Ethiopia - Afaan Oromo;;"{""languageVersion"": ""null""}";BWT-ZQU-ONS-IXD-U1_b71be871-d312-463e-8b4d-6c5256b659f0;2026-09-21 12:00:09.651226+00
6c53dae0-cec3-40ac-921c-a83f66939726;BWT-ZQU-ONS-IXD-U1;selected;User selected language version: Arabic;language_list_screen;1789979575225;selected;d2c99bcb8ce7481bb80583b091c6e715;Arabic;;"{""languageVersion"": ""null""}";BWT-ZQU-ONS-IXD-U1_b71be871-d312-463e-8b4d-6c5256b659f0;2026-09-21 12:00:09.651228+00
40480469-be9d-4fca-b378-24e86215b0ad;BWT-ZQU-ONS-IXD-U1;downloaded;Download without videos: Arabic;language_list_screen;1789979588195;completed;d2c99bcb8ce7481bb80583b091c6e715;Arabic;1;"{""languageVersion"": ""null""}";BWT-ZQU-ONS-IXD-U1_b71be871-d312-463e-8b4d-6c5256b659f0;2026-09-21 12:00:09.65123+00
984053c7-4e95-44b0-8d39-82a22f3b3b3b;BWT-ZQU-NAR-GIA-U1;selected;User selected language version: Bangladesh - Bangla;language_list_screen;1789979549874;selected;7b5c6d2548de4ec7a84335c592c2d05b;French;;"{""languageVersion"": ""null""}";BWT-ZQU-NAR-GIA-U1_4cfe1258-20f8-4eda-b254-ffc0973565ea;2026-09-21 12:00:09.783998+00
21f817aa-c0b2-41d3-898b-7ffc3adeb8fa;BWT-ZQU-NAR-GIA-U1;downloaded;Download without videos: Bangladesh - Bangla;language_list_screen;1789979551898;completed;7b5c6d2548de4ec7a84335c592c2d05b;Bangladesh - Bangla;1;"{""languageVersion"": ""null""}";BWT-ZQU-NAR-GIA-U1_4cfe1258-20f8-4eda-b254-ffc0973565ea;2026-09-21 12:00:09.784001+00
cc6601a3-a2f3-4571-968e-ee0f00d80a66;BWT-ZQU-NAR-GIA-U1;selected;User selected language version: Spanish;language_list_screen;1789979607827;selected;dbfe8365037d40de961aaeabf7ede35e;French;;"{""languageVersion"": ""null""}";BWT-ZQU-NAR-GIA-U1_4cfe1258-20f8-4eda-b254-ffc0973565ea;2026-09-21 12:00:09.784003+00
b893ae54-9f21-4d3c-8ffc-8d545b97fa82;BWT-ZQU-NAR-GIA-U1;cancelled;User cancelled language download: Spanish;language_list_screen;1789979610263;cancelled;dbfe8365037d40de961aaeabf7ede35e;Spanish;;"{""languageVersion"": ""null""}";BWT-ZQU-NAR-GIA-U1_4cfe1258-20f8-4eda-b254-ffc0973565ea;2026-09-21 12:00:09.784004+00
a9620c52-6ab1-4bee-841f-ae1dc938aa88;BWT-ZQU-NAR-GIA-U1;selected;User selected language version: French;language_list_screen;1789979614421;selected;f3195a61b68d4fdb84ae729e8d0aaccc;French;;"{""languageVersion"": ""null""}";BWT-ZQU-NAR-GIA-U1_4cfe1258-20f8-4eda-b254-ffc0973565ea;2026-09-21 12:00:09.784006+00
47a6121e-2fa7-47fd-8d39-71ac4c05e081;BWT-ZQS-BFD-BKX-U1;downloaded;Preparing language assets for download on onboarding screen;onboarding_screen;1789979461987;completed;d2c99bcb8ce7481bb80583b091c6e715;Arabic;;"{""device_model"": ""OnePlus8Pro""}";BWT-ZQS-BFD-BKX-U1_72c19d85-4352-47be-bcce-e9387c8f28e4;2026-09-21 12:00:09.818088+00
908ee6cc-4d3c-40c5-b3f1-8fa960f29d05;BWT-ZQS-BFD-BKX-U1;downloaded;Preparing language assets for download on onboarding screen;onboarding_screen;1789979511991;completed;d2c99bcb8ce7481bb80583b091c6e715;Arabic;;"{""device_model"": ""OnePlus8Pro""}";BWT-ZQS-BFD-BKX-U1_72c19d85-4352-47be-bcce-e9387c8f28e4;2026-09-21 12:00:09.818091+00
377b6fa3-1df4-404e-a0e5-3754a0fed90d;BWT-ZQU-ONS-IXD-U1;downloaded;Preparing language assets for download on onboarding screen;onboarding_screen;1789979617820;completed;d2c99bcb8ce7481bb80583b091c6e715;Arabic;;"{""device_model"": ""sdk_gphone16k_arm64""}";BWT-ZQU-ONS-IXD-U1_042d0b4f-e3be-4c20-a07f-70e0f7c5915b;2026-09-21 12:00:09.85226+00
e50f40ac-f4b4-4352-ae92-8119e21eeb21;BWT-ZQU-ONS-IXD-U1;downloaded;Preparing language assets for download on onboarding screen;onboarding_screen;1789979704192;completed;d2c99bcb8ce7481bb80583b091c6e715;Arabic;;"{""device_model"": ""sdk_gphone16k_arm64""}";BWT-ZQU-ONS-IXD-U1_1694f59c-c4b7-40b8-b4a7-a00c64b70066;2026-09-21 12:00:09.885163+00
8a59c0ea-d9d6-4ff8-8933-253065041e35;BWT-ZQT-MRS-CUC-U1;selected;User selected language version: French;language_list_screen;1789979689647;selected;f3195a61b68d4fdb84ae729e8d0aaccc;Portuguese;;"{""device_model"": ""moto g(20)"", ""languageVersion"": ""null""}";BWT-ZQT-MRS-CUC-U1_898155f3-e1f7-4d32-96cb-abd4d395647a;2026-09-21 12:00:09.930336+00
12a850ba-c993-4adc-a969-d221c5919087;BWT-ZQT-MRS-CUC-U1;cancelled;User cancelled language download: French;language_list_screen;1789979691470;cancelled;f3195a61b68d4fdb84ae729e8d0aaccc;French;;"{""device_model"": ""moto g(20)"", ""languageVersion"": ""null""}";BWT-ZQT-MRS-CUC-U1_898155f3-e1f7-4d32-96cb-abd4d395647a;2026-09-21 12:00:09.930339+00
27d9d63b-2313-41ef-8a84-110731d39aa7;BWT-ZQT-MRS-CUC-U1;selected;User selected language version: Benin;language_list_screen;1789979693835;selected;3de161d3576648868cb0e8ce72b5fe81;Portuguese;;"{""device_model"": ""moto g(20)"", ""languageVersion"": ""null""}";BWT-ZQT-MRS-CUC-U1_898155f3-e1f7-4d32-96cb-abd4d395647a;2026-09-21 12:00:09.930341+00
f195ed50-be70-4a7c-b6dc-3d2125091bca;BWT-ZQT-MRS-CUC-U1;cancelled;User cancelled language download: Benin;language_list_screen;1789979695720;cancelled;3de161d3576648868cb0e8ce72b5fe81;Benin;;"{""device_model"": ""moto g(20)"", ""languageVersion"": ""null""}";BWT-ZQT-MRS-CUC-U1_898155f3-e1f7-4d32-96cb-abd4d395647a;2026-09-21 12:00:09.930343+00
94ae9b66-81d7-47bd-8d99-cf246110d4bd;BWT-ZQT-MRS-CUC-U1;selected;User selected language version: Portuguese;language_list_screen;1789979698174;selected;bd7c3bea339c467f880a8bca6d2ef2c1;Portuguese;;"{""device_model"": ""moto g(20)"", ""languageVersion"": ""null""}";BWT-ZQT-MRS-CUC-U1_898155f3-e1f7-4d32-96cb-abd4d395647a;2026-09-21 12:00:09.930344+00
70856ee7-28dd-40f8-97fa-737740f0c1cd;BWT-ZQT-MRS-CUC-U1;cancelled;User cancelled language download: Portuguese;language_list_screen;1789979699526;cancelled;bd7c3bea339c467f880a8bca6d2ef2c1;Portuguese;;"{""device_model"": ""moto g(20)"", ""languageVersion"": ""null""}";BWT-ZQT-MRS-CUC-U1_898155f3-e1f7-4d32-96cb-abd4d395647a;2026-09-21 12:00:09.930346+00
c3b44d4d-3521-44d6-bfad-04592ce07c38;BWT-ZQT-MRS-CUC-U1;selected;User selected language version: Bangladesh - Bangla;language_list_screen;1789979710118;selected;7b5c6d2548de4ec7a84335c592c2d05b;Portuguese;;"{""device_model"": ""moto g(20)"", ""languageVersion"": ""null""}";BWT-ZQT-MRS-CUC-U1_898155f3-e1f7-4d32-96cb-abd4d395647a;2026-09-21 12:00:09.930348+00
3e100e0b-7d9a-4ea2-9886-3918b0aadc8a;BWT-ZQT-MRS-CUC-U1;cancelled;User cancelled language download: Bangladesh - Bangla;language_list_screen;1789979711997;cancelled;7b5c6d2548de4ec7a84335c592c2d05b;Bangladesh - Bangla;;"{""device_model"": ""moto g(20)"", ""languageVersion"": ""null""}";BWT-ZQT-MRS-CUC-U1_898155f3-e1f7-4d32-96cb-abd4d395647a;2026-09-21 12:00:09.930349+00
c912f673-90fe-4158-a88b-9957b942bcad;BWT-ZQT-MRS-CUC-U1;selected;User selected language version: Cambodia;language_list_screen;1789979714315;selected;224d980101ef45ec9810730b87767c37;Portuguese;;"{""device_model"": ""moto g(20)"", ""languageVersion"": ""null""}";BWT-ZQT-MRS-CUC-U1_898155f3-e1f7-4d32-96cb-abd4d395647a;2026-09-21 12:00:09.930351+00
7c22c0b4-51a5-41af-879f-1b6e59cc936f;BWT-ZQT-MRS-CUC-U1;cancelled;User cancelled language download: Cambodia;language_list_screen;1789979716671;cancelled;224d980101ef45ec9810730b87767c37;Cambodia;;"{""device_model"": ""moto g(20)"", ""languageVersion"": ""null""}";BWT-ZQT-MRS-CUC-U1_898155f3-e1f7-4d32-96cb-abd4d395647a;2026-09-21 12:00:09.930353+00
d5416b33-45e4-4847-be20-efca42a20e0d;BWT-ZQT-MRS-CUC-U1;selected;User selected language version: India - Gujrati;language_list_screen;1789979720092;selected;310e335f94374ca29a0aa21393840563;Portuguese;;"{""device_model"": ""moto g(20)"", ""languageVersion"": ""null""}";BWT-ZQT-MRS-CUC-U1_898155f3-e1f7-4d32-96cb-abd4d395647a;2026-09-21 12:00:09.930355+00
f91a93fd-58d1-4a70-9bbc-983f3f62f6f7;BWT-ZQT-MRS-CUC-U1;cancelled;User cancelled language download: India - Gujrati;language_list_screen;1789979721970;cancelled;310e335f94374ca29a0aa21393840563;India - Gujrati;;"{""device_model"": ""moto g(20)"", ""languageVersion"": ""null""}";BWT-ZQT-MRS-CUC-U1_898155f3-e1f7-4d32-96cb-abd4d395647a;2026-09-21 12:00:09.930356+00
808ecdaf-aa64-47e9-9660-4cc622301da5;BWT-ZQT-MRS-CUC-U1;selected;User selected language version: Portuguese;language_list_screen;1789979735603;selected;bd7c3bea339c467f880a8bca6d2ef2c1;Portuguese;;"{""device_model"": ""moto g(20)"", ""languageVersion"": ""null""}";BWT-ZQT-MRS-CUC-U1_898155f3-e1f7-4d32-96cb-abd4d395647a;2026-09-21 12:00:09.930358+00
3da15a6e-09ab-4f59-8312-b08999a98256;BWT-ZQT-MRS-CUC-U1;cancelled;User cancelled language download: Portuguese;language_list_screen;1789979736956;cancelled;bd7c3bea339c467f880a8bca6d2ef2c1;Portuguese;;"{""device_model"": ""moto g(20)"", ""languageVersion"": ""null""}";BWT-ZQT-MRS-CUC-U1_898155f3-e1f7-4d32-96cb-abd4d395647a;2026-09-21 12:00:09.93036+00
767e13e4-abed-453a-b18c-387da5077060;BWT-ZQT-MRS-CUC-U1;selected;User selected language version: Spanish;language_list_screen;1789979741752;selected;dbfe8365037d40de961aaeabf7ede35e;Portuguese;;"{""device_model"": ""moto g(20)"", ""languageVersion"": ""null""}";BWT-ZQT-MRS-CUC-U1_898155f3-e1f7-4d32-96cb-abd4d395647a;2026-09-21 12:00:09.930361+00
4518af43-a40e-4484-b7ab-5638fb965d43;BWT-ZRK-XWO-ZWB-U1;selected;User selected language version: Arabic;language_list_screen;1789980895708;selected;d2c99bcb8ce7481bb80583b091c6e715;Ethiopia - Afaan Oromo;;"{""languageVersion"": ""null""}";BWT-ZRK-XWO-ZWB-U1_c33e1a80-6e90-4989-b5f2-db6d9334728a;2026-09-21 12:00:10.008417+00
dd8a6b2e-b591-4293-a902-bf2998b890e4;BWT-ZRK-XWO-ZWB-U1;downloaded;Download without videos: Arabic;language_list_screen;1789980897245;completed;d2c99bcb8ce7481bb80583b091c6e715;Arabic;1;"{""languageVersion"": ""null""}";BWT-ZRK-XWO-ZWB-U1_c33e1a80-6e90-4989-b5f2-db6d9334728a;2026-09-21 12:00:10.008421+00
60f9d72a-5cfe-40e3-a84c-ca1527493131;BWT-ZRK-XWO-ZWB-U1;downloaded;User confirmed download for language: Arabic;language_list_screen;1789980898449;completed;d2c99bcb8ce7481bb80583b091c6e715;Ethiopia - Afaan Oromo;;"{""languageVersion"": ""null""}";BWT-ZRK-XWO-ZWB-U1_c33e1a80-6e90-4989-b5f2-db6d9334728a;2026-09-21 12:00:10.008424+00
efbfb4e2-54d6-48f4-93a1-02968df2f97a;BWT-ZRK-XWO-ZWB-U1;cancelled;User cancelled language download: Arabic;language_list_screen;1789980899407;cancelled;d2c99bcb8ce7481bb80583b091c6e715;Arabic;;"{""languageVersion"": ""null""}";BWT-ZRK-XWO-ZWB-U1_c33e1a80-6e90-4989-b5f2-db6d9334728a;2026-09-21 12:00:10.008426+00
17e5ed9c-408e-4de8-a82e-a1ac6cee88cd;BWT-ZRK-XWO-ZWB-U1;selected;User selected language version: Spanish;language_list_screen;1789980901459;selected;dbfe8365037d40de961aaeabf7ede35e;Ethiopia - Afaan Oromo;;"{""languageVersion"": ""null""}";BWT-ZRK-XWO-ZWB-U1_c33e1a80-6e90-4989-b5f2-db6d9334728a;2026-09-21 12:00:10.008428+00
c2ff19c5-27b5-4110-88bc-7a424693079f;BWT-ZRK-XWO-ZWB-U1;cancelled;User cancelled language download: Spanish;language_list_screen;1789980903877;cancelled;dbfe8365037d40de961aaeabf7ede35e;Spanish;;"{""languageVersion"": ""null""}";BWT-ZRK-XWO-ZWB-U1_c33e1a80-6e90-4989-b5f2-db6d9334728a;2026-09-21 12:00:10.00843+00
c2064777-d253-4933-acf7-db88eef30aec;BWT-ZRK-XWO-ZWB-U1;selected;User selected language version: English;language_list_screen;1789980906508;selected;289c0715e027451abc8edfdb361119bf;Ethiopia - Afaan Oromo;;"{""languageVersion"": ""null""}";BWT-ZRK-XWO-ZWB-U1_c33e1a80-6e90-4989-b5f2-db6d9334728a;2026-09-21 12:00:10.008432+00
a423f22d-1ae0-4ff5-936b-a9ac0492ae41;BWT-ZRK-XWO-ZWB-U1;cancelled;User cancelled language download: English;language_list_screen;1789980907610;cancelled;289c0715e027451abc8edfdb361119bf;English;;"{""languageVersion"": ""null""}";BWT-ZRK-XWO-ZWB-U1_c33e1a80-6e90-4989-b5f2-db6d9334728a;2026-09-21 12:00:10.008434+00
8bf1728d-08d7-4d41-b531-7fc4bc345f95;BWT-ZRK-XWO-ZWB-U1;selected;User selected language version: Papua New Guinea - English;language_list_screen;1789980908941;selected;aec685d5d14747a18cfe584b42474026;Ethiopia - Afaan Oromo;;"{""languageVersion"": ""null""}";BWT-ZRK-XWO-ZWB-U1_c33e1a80-6e90-4989-b5f2-db6d9334728a;2026-09-21 12:00:10.008436+00
"0f464a00-7ef2-4c70-a12c-ad351a23a33f";BWT-ZRK-XWO-ZWB-U1;cancelled;User cancelled language download: Papua New Guinea - English;language_list_screen;1789980910211;cancelled;aec685d5d14747a18cfe584b42474026;Papua New Guinea - English;;"{""languageVersion"": ""null""}";BWT-ZRK-XWO-ZWB-U1_c33e1a80-6e90-4989-b5f2-db6d9334728a;2026-09-21 12:00:10.008438+00
c0597b18-c8ce-4953-9d8d-fdcccdcd6940;BWT-ZRK-XWO-ZWB-U1;selected;User selected language version: India - Hindi;language_list_screen;1789980924641;selected;1555901e4ef94e938b1f044ceb69324a;Ethiopia - Afaan Oromo;;"{""languageVersion"": ""null""}";BWT-ZRK-XWO-ZWB-U1_c33e1a80-6e90-4989-b5f2-db6d9334728a;2026-09-21 12:00:10.008439+00
beb58652-6e0a-4dfb-8e6b-4f4efb4663b3;BWT-ZRK-XWO-ZWB-U1;cancelled;User cancelled language download: India - Hindi;language_list_screen;1789980925780;cancelled;1555901e4ef94e938b1f044ceb69324a;India - Hindi;;"{""languageVersion"": ""null""}";BWT-ZRK-XWO-ZWB-U1_c33e1a80-6e90-4989-b5f2-db6d9334728a;2026-09-21 12:00:10.008442+00
65340f9b-0713-4b47-9a27-98f7718a714c;BWT-ZRK-XWO-ZWB-U1;selected;User selected language version: English;language_list_screen;1789980927205;selected;289c0715e027451abc8edfdb361119bf;Ethiopia - Afaan Oromo;;"{""languageVersion"": ""null""}";BWT-ZRK-XWO-ZWB-U1_c33e1a80-6e90-4989-b5f2-db6d9334728a;2026-09-21 12:00:10.008444+00
5065561a-9847-430f-a343-fc443747f195;BWT-ZRK-XWO-ZWB-U1;cancelled;User cancelled language download: English;language_list_screen;1789980928172;cancelled;289c0715e027451abc8edfdb361119bf;English;;"{""languageVersion"": ""null""}";BWT-ZRK-XWO-ZWB-U1_c33e1a80-6e90-4989-b5f2-db6d9334728a;2026-09-21 12:00:10.008445+00
f77157a8-3501-4880-8b9f-eab8ef4b1041;BWT-ZRK-XWO-ZWB-U1;selected;User selected language version: India - Marathi;language_list_screen;1789980930464;selected;fb6d9ff7703c43d7baf225f0c2fd73b0;Ethiopia - Afaan Oromo;;"{""languageVersion"": ""null""}";BWT-ZRK-XWO-ZWB-U1_c33e1a80-6e90-4989-b5f2-db6d9334728a;2026-09-21 12:00:10.008448+00
30abe231-ba20-4048-8095-a8d7f3b6db6a;BWT-ZRK-XWO-ZWB-U1;cancelled;User cancelled language download: India - Marathi;language_list_screen;1789980931480;cancelled;fb6d9ff7703c43d7baf225f0c2fd73b0;India - Marathi;;"{""languageVersion"": ""null""}";BWT-ZRK-XWO-ZWB-U1_c33e1a80-6e90-4989-b5f2-db6d9334728a;2026-09-21 12:00:10.00845+00
b6a37991-b0bf-4bf6-a06a-c6b666831245;BWT-ZRK-XWO-ZWB-U1;selected;User selected language version: French;language_list_screen;1789980932842;selected;f3195a61b68d4fdb84ae729e8d0aaccc;Ethiopia - Afaan Oromo;;"{""languageVersion"": ""null""}";BWT-ZRK-XWO-ZWB-U1_c33e1a80-6e90-4989-b5f2-db6d9334728a;2026-09-21 12:00:10.008451+00
7bb0db48-f765-406c-88f7-235ec867fd29;BWT-ZRK-XWO-ZWB-U1;cancelled;User cancelled language download: French;language_list_screen;1789980934044;cancelled;f3195a61b68d4fdb84ae729e8d0aaccc;French;;"{""languageVersion"": ""null""}";BWT-ZRK-XWO-ZWB-U1_c33e1a80-6e90-4989-b5f2-db6d9334728a;2026-09-21 12:00:10.008453+00
2e9f9520-4947-4b81-9be2-a2b121059943;BWT-ZRK-XWO-ZWB-U1;selected;User selected language version: India - English;language_list_screen;1789980935451;selected;c2a3d65fd31a4322b78520566aa8cf15;Ethiopia - Afaan Oromo;;"{""languageVersion"": ""null""}";BWT-ZRK-XWO-ZWB-U1_c33e1a80-6e90-4989-b5f2-db6d9334728a;2026-09-21 12:00:10.008455+00
c7fbb92c-f2be-4267-b1cb-29a4aa473d7f;BWT-ZRK-XWO-ZWB-U1;cancelled;User cancelled language download: India - English;language_list_screen;1789980936492;cancelled;c2a3d65fd31a4322b78520566aa8cf15;India - English;;"{""languageVersion"": ""null""}";BWT-ZRK-XWO-ZWB-U1_c33e1a80-6e90-4989-b5f2-db6d9334728a;2026-09-21 12:00:10.008457+00
"0f2f6acc-dc14-4ae9-84e0-3cb4217a9ae5";BWT-ZRK-XWO-ZWB-U1;selected;User selected language version: French;language_list_screen;1789980941432;selected;f3195a61b68d4fdb84ae729e8d0aaccc;Ethiopia - Afaan Oromo;;"{""languageVersion"": ""null""}";BWT-ZRK-XWO-ZWB-U1_c33e1a80-6e90-4989-b5f2-db6d9334728a;2026-09-21 12:00:10.008459+00
"0db83cdd-dd5b-4843-b505-5227af392097";BWT-ZRK-XWO-ZWB-U1;cancelled;User cancelled language download: French;language_list_screen;1789980942292;cancelled;f3195a61b68d4fdb84ae729e8d0aaccc;French;;"{""languageVersion"": ""null""}";BWT-ZRK-XWO-ZWB-U1_c33e1a80-6e90-4989-b5f2-db6d9334728a;2026-09-21 12:00:10.008461+00
496caeb6-8723-4930-83f7-4f2ce7d031ea;BWT-ZRK-XWO-ZWB-U1;selected;User selected language version: India - Gujrati;language_list_screen;1789980955788;selected;310e335f94374ca29a0aa21393840563;Ethiopia - Afaan Oromo;;"{""languageVersion"": ""null""}";BWT-ZRK-XWO-ZWB-U1_c33e1a80-6e90-4989-b5f2-db6d9334728a;2026-09-21 12:00:10.008463+00
5bcf61f4-a890-4231-8acd-424036ced1cd;BWT-ZRK-XWO-ZWB-U1;downloaded;User confirmed download for language: India - Gujrati;language_list_screen;1789980956776;completed;310e335f94374ca29a0aa21393840563;Ethiopia - Afaan Oromo;;"{""languageVersion"": ""null""}";BWT-ZRK-XWO-ZWB-U1_c33e1a80-6e90-4989-b5f2-db6d9334728a;2026-09-21 12:00:10.008465+00
f3efd0d4-a667-42af-8f45-12259dd3d4fe;BWT-ZRK-XWO-ZWB-U1;cancelled;User cancelled language download: India - Gujrati;language_list_screen;1789980957926;cancelled;310e335f94374ca29a0aa21393840563;India - Gujrati;;"{""languageVersion"": ""null""}";BWT-ZRK-XWO-ZWB-U1_c33e1a80-6e90-4989-b5f2-db6d9334728a;2026-09-21 12:00:10.008466+00
491e0025-ebcd-4270-adfd-2be57cbec0c6;BWT-ZRK-XWO-ZWB-U1;selected;User selected language version: French;language_list_screen;1789980964523;selected;f3195a61b68d4fdb84ae729e8d0aaccc;Ethiopia - Afaan Oromo;;"{""languageVersion"": ""null""}";BWT-ZRK-XWO-ZWB-U1_c33e1a80-6e90-4989-b5f2-db6d9334728a;2026-09-21 12:00:10.008468+00
5849a87a-b38d-47ef-9fb2-8bf1e2f8c87b;BWT-ZRK-XWO-ZWB-U1;cancelled;User cancelled language download: French;language_list_screen;1789980965493;cancelled;f3195a61b68d4fdb84ae729e8d0aaccc;French;;"{""languageVersion"": ""null""}";BWT-ZRK-XWO-ZWB-U1_c33e1a80-6e90-4989-b5f2-db6d9334728a;2026-09-21 12:00:10.00847+00
7eb5c0fe-8d6c-4fbe-a9ea-ee779cccfb30;BWT-ZRK-XWO-ZWB-U1;selected;User selected language version: Portuguese;language_list_screen;1789980967888;selected;bd7c3bea339c467f880a8bca6d2ef2c1;Ethiopia - Afaan Oromo;;"{""languageVersion"": ""null""}";BWT-ZRK-XWO-ZWB-U1_c33e1a80-6e90-4989-b5f2-db6d9334728a;2026-09-21 12:00:10.008472+00
c17b1a1d-ad20-42b7-b84c-910959ec0ee4;BWT-ZRK-XWO-ZWB-U1;cancelled;User cancelled language download: Portuguese;language_list_screen;1789980968972;cancelled;bd7c3bea339c467f880a8bca6d2ef2c1;Portuguese;;"{""languageVersion"": ""null""}";BWT-ZRK-XWO-ZWB-U1_c33e1a80-6e90-4989-b5f2-db6d9334728a;2026-09-21 12:00:10.008474+00
f5d49b6d-7a9e-4e37-99e8-06b7b8aede3a;BWT-ZRK-XWO-ZWB-U1;selected;User selected language version: Uzbekistan - Uzbek;language_list_screen;1789980970232;selected;a1cdbc5e48b74dbca1a3fdc4842f8f4a;Ethiopia - Afaan Oromo;;"{""languageVersion"": ""null""}";BWT-ZRK-XWO-ZWB-U1_c33e1a80-6e90-4989-b5f2-db6d9334728a;2026-09-21 12:00:10.008476+00
58c01390-1593-424f-864a-2dca9111a925;BWT-ZRK-XWO-ZWB-U1;cancelled;User cancelled language download: Uzbekistan - Uzbek;language_list_screen;1789980971265;cancelled;a1cdbc5e48b74dbca1a3fdc4842f8f4a;Uzbekistan - Uzbek;;"{""languageVersion"": ""null""}";BWT-ZRK-XWO-ZWB-U1_c33e1a80-6e90-4989-b5f2-db6d9334728a;2026-09-21 12:00:10.008478+00
5f6290f8-6e48-4061-8486-f05aab87384a;BWT-ZRK-XWO-ZWB-U1;selected;User selected language version: English;language_list_screen;1789980973551;selected;289c0715e027451abc8edfdb361119bf;Ethiopia - Afaan Oromo;;"{""languageVersion"": ""null""}";BWT-ZRK-XWO-ZWB-U1_c33e1a80-6e90-4989-b5f2-db6d9334728a;2026-09-21 12:00:10.00848+00
ef341e5d-6aaf-4fc7-bbab-731078d1945e;BWT-ZRK-XWO-ZWB-U1;cancelled;User cancelled language download: English;language_list_screen;1789980974639;cancelled;289c0715e027451abc8edfdb361119bf;English;;"{""languageVersion"": ""null""}";BWT-ZRK-XWO-ZWB-U1_c33e1a80-6e90-4989-b5f2-db6d9334728a;2026-09-21 12:00:10.008481+00
db0f5acb-8298-42ec-a7d9-71ec0b476b2e;BWT-ZRK-XWO-ZWB-U1;selected;User selected language version: Uzbekistan - Russian;language_list_screen;1789980977444;selected;bdd7d335b7ac4e72880ab1c0c83d65e5;Ethiopia - Afaan Oromo;;"{""languageVersion"": ""null""}";BWT-ZRK-XWO-ZWB-U1_c33e1a80-6e90-4989-b5f2-db6d9334728a;2026-09-21 12:00:10.008483+00
22506b09-0043-4e39-b80a-f15d8bc9666e;BWT-ZRK-XWO-ZWB-U1;cancelled;User cancelled language download: Uzbekistan - Russian;language_list_screen;1789980978512;cancelled;bdd7d335b7ac4e72880ab1c0c83d65e5;Uzbekistan - Russian;;"{""languageVersion"": ""null""}";BWT-ZRK-XWO-ZWB-U1_c33e1a80-6e90-4989-b5f2-db6d9334728a;2026-09-21 12:00:10.008485+00
7a7d66af-8f53-4a0f-99bb-9fded32c2569;BWT-ZRK-XWO-ZWB-U1;selected;User selected language version: Portuguese;language_list_screen;1789980989001;selected;bd7c3bea339c467f880a8bca6d2ef2c1;Ethiopia - Afaan Oromo;;"{""languageVersion"": ""null""}";BWT-ZRK-XWO-ZWB-U1_c33e1a80-6e90-4989-b5f2-db6d9334728a;2026-09-21 12:00:10.008487+00
a511a14c-f4aa-4db7-8f97-4853b64768b1;BWT-ZRK-XWO-ZWB-U1;cancelled;User cancelled language download: Portuguese;language_list_screen;1789980989907;cancelled;bd7c3bea339c467f880a8bca6d2ef2c1;Portuguese;;"{""languageVersion"": ""null""}";BWT-ZRK-XWO-ZWB-U1_c33e1a80-6e90-4989-b5f2-db6d9334728a;2026-09-21 12:00:10.008489+00
a756e11e-a163-4a07-808d-d415cf3395b3;BWT-ZRK-XWO-ZWB-U1;selected;User selected language version: French;language_list_screen;1789980993692;selected;f3195a61b68d4fdb84ae729e8d0aaccc;Ethiopia - Afaan Oromo;;"{""languageVersion"": ""null""}";BWT-ZRK-XWO-ZWB-U1_c33e1a80-6e90-4989-b5f2-db6d9334728a;2026-09-21 12:00:10.00849+00
425d391f-ad6c-4335-8ec3-5dfe5b521fab;BWT-ZRK-XWO-ZWB-U1;cancelled;User cancelled language download: French;language_list_screen;1789980994626;cancelled;f3195a61b68d4fdb84ae729e8d0aaccc;French;;"{""languageVersion"": ""null""}";BWT-ZRK-XWO-ZWB-U1_c33e1a80-6e90-4989-b5f2-db6d9334728a;2026-09-21 12:00:10.008492+00
f7de48d0-2116-4396-a153-8702bab34cc9;BWT-ZRK-XWO-ZWB-U1;selected;User selected language version: Myanmar;language_list_screen;1789981007432;selected;53d11eb67a76485089e52223e3909d81;Ethiopia - Afaan Oromo;;"{""languageVersion"": ""null""}";BWT-ZRK-XWO-ZWB-U1_c33e1a80-6e90-4989-b5f2-db6d9334728a;2026-09-21 12:00:10.008494+00
c99c67ec-f4d7-40d2-b937-2d5d0fc75840;BWT-ZRK-XWO-ZWB-U1;cancelled;User cancelled language download: Myanmar;language_list_screen;1789981008309;cancelled;53d11eb67a76485089e52223e3909d81;Myanmar;;"{""languageVersion"": ""null""}";BWT-ZRK-XWO-ZWB-U1_c33e1a80-6e90-4989-b5f2-db6d9334728a;2026-09-21 12:00:10.008496+00
ec04dde1-d507-461e-9d7e-c25032f200a0;BWT-ZRK-XWO-ZWB-U1;selected;User selected language version: Nepal - English;language_list_screen;1789981009661;selected;8a2ddf1bc349422892f5f4e9be2b92c5;Ethiopia - Afaan Oromo;;"{""languageVersion"": ""null""}";BWT-ZRK-XWO-ZWB-U1_c33e1a80-6e90-4989-b5f2-db6d9334728a;2026-09-21 12:00:10.008498+00
41d847a2-7169-4d6a-a0b4-71390d4d4566;BWT-ZRK-XWO-ZWB-U1;cancelled;User cancelled language download: Nepal - English;language_list_screen;1789981010806;cancelled;8a2ddf1bc349422892f5f4e9be2b92c5;Nepal - English;;"{""languageVersion"": ""null""}";BWT-ZRK-XWO-ZWB-U1_c33e1a80-6e90-4989-b5f2-db6d9334728a;2026-09-21 12:00:10.0085+00
aeb16948-9b54-430d-aae2-2d8387718b82;BWT-ZRK-XWO-ZWB-U1;selected;User selected language version: Nepal - Nepali;language_list_screen;1789981014842;selected;2b2c2927824c4aedb1130d92c6a0ff41;Ethiopia - Afaan Oromo;;"{""languageVersion"": ""null""}";BWT-ZRK-XWO-ZWB-U1_c33e1a80-6e90-4989-b5f2-db6d9334728a;2026-09-21 12:00:10.008502+00
"02cbe5dd-ad67-48b1-bca6-410662d8caff";BWT-ZRK-XWO-ZWB-U1;cancelled;User cancelled language download: Nepal - Nepali;language_list_screen;1789981015815;cancelled;2b2c2927824c4aedb1130d92c6a0ff41;Nepal - Nepali;;"{""languageVersion"": ""null""}";BWT-ZRK-XWO-ZWB-U1_c33e1a80-6e90-4989-b5f2-db6d9334728a;2026-09-21 12:00:10.008503+00
88bdaeaf-363b-46f6-b8ec-c0c3404099d6;BWT-ZRK-XWO-ZWB-U1;selected;User selected language version: Ethiopia - Somali;language_list_screen;1789981038629;selected;c95a491dd8a745769f31b7bba4b9877f;Ethiopia - Afaan Oromo;;"{""languageVersion"": ""null""}";BWT-ZRK-XWO-ZWB-U1_c33e1a80-6e90-4989-b5f2-db6d9334728a;2026-09-21 12:00:10.008505+00
44191c89-3af1-408e-9288-cfdd2cfc6c42;BWT-ZRK-XWO-ZWB-U1;cancelled;User cancelled language download: Ethiopia - Somali;language_list_screen;1789981041641;cancelled;c95a491dd8a745769f31b7bba4b9877f;Ethiopia - Somali;;"{""languageVersion"": ""null""}";BWT-ZRK-XWO-ZWB-U1_c33e1a80-6e90-4989-b5f2-db6d9334728a;2026-09-21 12:00:10.008507+00
7b38c4f2-d364-482d-8ea7-5a47d127a221;BWT-ZRK-XWO-ZWB-U1;selected;User selected language version: Ethiopia - English;language_list_screen;1789981043131;selected;d6e10239c4eb4b90b3cbb9ae1986907d;Ethiopia - Afaan Oromo;;"{""languageVersion"": ""null""}";BWT-ZRK-XWO-ZWB-U1_c33e1a80-6e90-4989-b5f2-db6d9334728a;2026-09-21 12:00:10.008508+00
481ffbc2-c01b-4f2b-b985-85fe80e18cce;BWT-ZRK-XWO-ZWB-U1;cancelled;User cancelled language download: Ethiopia - English;language_list_screen;1789981044234;cancelled;d6e10239c4eb4b90b3cbb9ae1986907d;Ethiopia - English;;"{""languageVersion"": ""null""}";BWT-ZRK-XWO-ZWB-U1_c33e1a80-6e90-4989-b5f2-db6d9334728a;2026-09-21 12:00:10.00851+00
"0e3a2bb8-1697-40f6-aab3-352d5910e1e7";BWT-ZRK-XWO-ZWB-U1;selected;User selected language version: Afghanistan;language_list_screen;1789981046524;selected;ce6c5142689e4be5abb4f2aed46a688d;Ethiopia - Afaan Oromo;;"{""languageVersion"": ""null""}";BWT-ZRK-XWO-ZWB-U1_c33e1a80-6e90-4989-b5f2-db6d9334728a;2026-09-21 12:00:10.008512+00
"015e3536-eb67-4a09-8207-906319685928";BWT-ZRK-XWO-ZWB-U1;cancelled;User cancelled language download: Afghanistan;language_list_screen;1789981047585;cancelled;ce6c5142689e4be5abb4f2aed46a688d;Afghanistan;;"{""languageVersion"": ""null""}";BWT-ZRK-XWO-ZWB-U1_c33e1a80-6e90-4989-b5f2-db6d9334728a;2026-09-21 12:00:10.008514+00
ed2b276d-1e3d-4e73-8f62-8a5274564df0;BWT-ZRK-XWO-ZWB-U1;selected;User selected language version: Benin;language_list_screen;1789981048930;selected;3de161d3576648868cb0e8ce72b5fe81;Ethiopia - Afaan Oromo;;"{""languageVersion"": ""null""}";BWT-ZRK-XWO-ZWB-U1_c33e1a80-6e90-4989-b5f2-db6d9334728a;2026-09-21 12:00:10.008515+00
ef433f83-b3df-40ae-8687-1bb059f6aa2e;BWT-ZRK-XWO-ZWB-U1;cancelled;User cancelled language download: Benin;language_list_screen;1789981050076;cancelled;3de161d3576648868cb0e8ce72b5fe81;Benin;;"{""languageVersion"": ""null""}";BWT-ZRK-XWO-ZWB-U1_c33e1a80-6e90-4989-b5f2-db6d9334728a;2026-09-21 12:00:10.008517+00
4cb4e001-be7d-4292-9f0b-691e19531221;BWT-ZRK-XWO-ZWB-U1;selected;User selected language version: Ethiopia - Afaan Oromo;language_list_screen;1789981051580;selected;47d3527babd24e5594eec3fa42b681e0;Ethiopia - Afaan Oromo;;"{""languageVersion"": ""null""}";BWT-ZRK-XWO-ZWB-U1_c33e1a80-6e90-4989-b5f2-db6d9334728a;2026-09-21 12:00:10.008519+00
a9ea026e-7d22-4df1-b818-4a58b2c63024;BWT-ZRK-XWO-ZWB-U1;cancelled;User cancelled language download: Ethiopia - Afaan Oromo;language_list_screen;1789981052490;cancelled;47d3527babd24e5594eec3fa42b681e0;Ethiopia - Afaan Oromo;;"{""languageVersion"": ""null""}";BWT-ZRK-XWO-ZWB-U1_c33e1a80-6e90-4989-b5f2-db6d9334728a;2026-09-21 12:00:10.00852+00
699d6895-8c8c-411e-863c-69f4ba0ccbef;BWT-ZRK-XWO-ZWB-U1;selected;User selected language version: Papua New Guinea - English;language_list_screen;1789981092827;selected;aec685d5d14747a18cfe584b42474026;Arabic;;"{""device_model"": ""OnePlus8Pro"", ""languageVersion"": ""null""}";BWT-ZRK-XWO-ZWB-U1_4835b973-bcf1-4935-b530-a95960e119de;2026-09-21 12:00:10.059302+00
d0700907-1c0f-44ff-b432-43bcc1c1bcc5;BWT-ZRK-XWO-ZWB-U1;downloaded;Download without videos: Papua New Guinea - English;language_list_screen;1789981093903;completed;aec685d5d14747a18cfe584b42474026;Papua New Guinea - English;1;"{""device_model"": ""OnePlus8Pro"", ""languageVersion"": ""null""}";BWT-ZRK-XWO-ZWB-U1_4835b973-bcf1-4935-b530-a95960e119de;2026-09-21 12:00:10.059305+00
6b1dbdaa-8b5c-435b-b22c-657adb5261ca;BWT-ZRK-XWO-ZWB-U1;cancelled;User cancelled language download: Papua New Guinea - English;language_list_screen;1789981094842;cancelled;aec685d5d14747a18cfe584b42474026;Papua New Guinea - English;;"{""device_model"": ""OnePlus8Pro"", ""languageVersion"": ""null""}";BWT-ZRK-XWO-ZWB-U1_4835b973-bcf1-4935-b530-a95960e119de;2026-09-21 12:00:10.059307+00
a2432ec0-6cb8-4057-bb29-509ea6fd2e5a;BWT-ZRK-XWO-ZWB-U1;selected;User selected language version: Rwanda - French;language_list_screen;1789981096373;selected;b3af23a5b9624981a786fd8361985be0;Arabic;;"{""device_model"": ""OnePlus8Pro"", ""languageVersion"": ""null""}";BWT-ZRK-XWO-ZWB-U1_4835b973-bcf1-4935-b530-a95960e119de;2026-09-21 12:00:10.059309+00
d3b3fa04-3081-40ef-8614-b9c222537d35;BWT-ZRK-XWO-ZWB-U1;cancelled;User cancelled language download: Rwanda - French;language_list_screen;1789981098224;cancelled;b3af23a5b9624981a786fd8361985be0;Rwanda - French;;"{""device_model"": ""OnePlus8Pro"", ""languageVersion"": ""null""}";BWT-ZRK-XWO-ZWB-U1_4835b973-bcf1-4935-b530-a95960e119de;2026-09-21 12:00:10.059311+00
155664a2-21f9-4f2c-8474-e3d9ecd08b24;BWT-ZRK-XWO-ZWB-U1;selected;User selected language version: Bangladesh - Bangla;language_list_screen;1789981121539;selected;7b5c6d2548de4ec7a84335c592c2d05b;Arabic;;"{""device_model"": ""OnePlus8Pro"", ""languageVersion"": ""null""}";BWT-ZRK-XWO-ZWB-U1_4835b973-bcf1-4935-b530-a95960e119de;2026-09-21 12:00:10.059313+00
2c673721-2454-4c12-a22d-a37a2328357e;BWT-ZRK-XWO-ZWB-U1;cancelled;User cancelled language download: Bangladesh - Bangla;language_list_screen;1789981122621;cancelled;7b5c6d2548de4ec7a84335c592c2d05b;Bangladesh - Bangla;;"{""device_model"": ""OnePlus8Pro"", ""languageVersion"": ""null""}";BWT-ZRK-XWO-ZWB-U1_4835b973-bcf1-4935-b530-a95960e119de;2026-09-21 12:00:10.059314+00
15f3dd21-58a8-4787-98af-cac78ac3ad84;BWT-ZRK-XWO-ZWB-U1;selected;User selected language version: Arabic;language_list_screen;1789981125653;selected;d2c99bcb8ce7481bb80583b091c6e715;Arabic;;"{""device_model"": ""OnePlus8Pro"", ""languageVersion"": ""null""}";BWT-ZRK-XWO-ZWB-U1_4835b973-bcf1-4935-b530-a95960e119de;2026-09-21 12:00:10.059316+00
d611d8aa-ecba-4f1f-89fa-faacd234d213;BWT-ZRK-XWO-ZWB-U1;downloaded;Preparing language assets for download on onboarding screen;onboarding_screen;1789981168213;completed;d2c99bcb8ce7481bb80583b091c6e715;Arabic;;"{""device_model"": ""OnePlus8Pro""}";BWT-ZRK-XWO-ZWB-U1_4835b973-bcf1-4935-b530-a95960e119de;2026-09-21 12:00:10.059318+00
78f5e6fe-7e51-468d-9601-2fc2ad28d6fd;BWT-ZRK-XWO-ZWB-U1;downloaded;Preparing language assets for download on onboarding screen;onboarding_screen;1789981346299;completed;d2c99bcb8ce7481bb80583b091c6e715;Arabic;;"{""device_model"": ""OnePlus8Pro""}";BWT-ZRK-XWO-ZWB-U1_4835b973-bcf1-4935-b530-a95960e119de;2026-09-21 12:00:10.059319+00
1e8b7316-c1d0-46e5-91ac-7cdff6727b22;BWT-ZXX-ZYC-YZW-U1;selected;User selected language version: India - Telugu;language_list_screen;1789994463721;selected;8eee67dfa4c24e5a929263cc61f162ef;Afghanistan;;"{""device_model"": ""Redfin 64-bit only"", ""languageVersion"": ""null""}";BWT-ZXX-ZYC-YZW-U1_f8ecb223-5dd0-48b4-ad73-41f7ec851550;2026-09-22 00:00:12.262178+00
49d0e249-4b9d-4db4-b0a0-14fba01d11bb;BWT-ZXX-ZYC-YZW-U1;downloaded;User confirmed download for language: India - Telugu;language_list_screen;1789994466455;completed;8eee67dfa4c24e5a929263cc61f162ef;Afghanistan;;"{""device_model"": ""Redfin 64-bit only"", ""languageVersion"": ""null""}";BWT-ZXX-ZYC-YZW-U1_f8ecb223-5dd0-48b4-ad73-41f7ec851550;2026-09-22 00:00:12.262181+00
9635dc58-a46a-438f-a8fe-e11ef6d1ca3d;BWT-ZXX-ZYC-YZW-U1;cancelled;User cancelled language download: India - Telugu;language_list_screen;1789994468022;cancelled;8eee67dfa4c24e5a929263cc61f162ef;India - Telugu;;"{""device_model"": ""Redfin 64-bit only"", ""languageVersion"": ""null""}";BWT-ZXX-ZYC-YZW-U1_f8ecb223-5dd0-48b4-ad73-41f7ec851550;2026-09-22 00:00:12.262183+00
472ba21a-e27f-4877-ae77-83b7ddf9e4d2;BWT-ZXX-ZYC-YZW-U1;selected;User selected language version: Spanish;language_list_screen;1789994475369;selected;dbfe8365037d40de961aaeabf7ede35e;Afghanistan;;"{""device_model"": ""Redfin 64-bit only"", ""languageVersion"": ""null""}";BWT-ZXX-ZYC-YZW-U1_f8ecb223-5dd0-48b4-ad73-41f7ec851550;2026-09-22 00:00:12.262185+00
a8754ef6-a1df-4f40-9123-ff4a6252486e;BWT-ZXX-ZYC-YZW-U1;cancelled;User cancelled language download: Spanish;language_list_screen;1789994476842;cancelled;dbfe8365037d40de961aaeabf7ede35e;Spanish;;"{""device_model"": ""Redfin 64-bit only"", ""languageVersion"": ""null""}";BWT-ZXX-ZYC-YZW-U1_f8ecb223-5dd0-48b4-ad73-41f7ec851550;2026-09-22 00:00:12.262187+00
9a30e2cd-a0ba-430c-9807-b73ae6b41e6b;BWT-ZXX-ZYC-YZW-U1;selected;User selected language version: English;language_list_screen;1789994479742;selected;289c0715e027451abc8edfdb361119bf;Afghanistan;;"{""device_model"": ""Redfin 64-bit only"", ""languageVersion"": ""null""}";BWT-ZXX-ZYC-YZW-U1_f8ecb223-5dd0-48b4-ad73-41f7ec851550;2026-09-22 00:00:12.262189+00
"0c691339-2ec9-4f82-b07e-d7120df1aa20";BWT-ZXX-ZYC-YZW-U1;cancelled;User cancelled language download: English;language_list_screen;1789994480911;cancelled;289c0715e027451abc8edfdb361119bf;English;;"{""device_model"": ""Redfin 64-bit only"", ""languageVersion"": ""null""}";BWT-ZXX-ZYC-YZW-U1_f8ecb223-5dd0-48b4-ad73-41f7ec851550;2026-09-22 00:00:12.26219+00
36680908-66c9-4617-9041-05142a75a666;BWT-ZXX-ZYC-YZW-U1;selected;User selected language version: Bangladesh - Bangla;language_list_screen;1789994482982;selected;7b5c6d2548de4ec7a84335c592c2d05b;Afghanistan;;"{""device_model"": ""Redfin 64-bit only"", ""languageVersion"": ""null""}";BWT-ZXX-ZYC-YZW-U1_f8ecb223-5dd0-48b4-ad73-41f7ec851550;2026-09-22 00:00:12.262192+00
8f79a56f-b16a-4154-9110-3babf18acce8;BWT-ZXX-ZYC-YZW-U1;downloaded;Download without videos: Bangladesh - Bangla;language_list_screen;1789994485662;completed;7b5c6d2548de4ec7a84335c592c2d05b;Bangladesh - Bangla;1;"{""device_model"": ""Redfin 64-bit only"", ""languageVersion"": ""null""}";BWT-ZXX-ZYC-YZW-U1_f8ecb223-5dd0-48b4-ad73-41f7ec851550;2026-09-22 00:00:12.262194+00
f318c2c5-a103-4bf2-9191-2768606eac86;BWT-ZXX-ZYC-YZW-U1;cancelled;User cancelled language download: Bangladesh - Bangla;language_list_screen;1789994487216;cancelled;7b5c6d2548de4ec7a84335c592c2d05b;Bangladesh - Bangla;;"{""device_model"": ""Redfin 64-bit only"", ""languageVersion"": ""null""}";BWT-ZXX-ZYC-YZW-U1_f8ecb223-5dd0-48b4-ad73-41f7ec851550;2026-09-22 00:00:12.262196+00
539f1949-72b5-418a-8221-7e7a7290c5c6;BWT-ZXX-ZYC-YZW-U1;selected;User selected language version: Benin;language_list_screen;1789994489108;selected;3de161d3576648868cb0e8ce72b5fe81;Afghanistan;;"{""device_model"": ""Redfin 64-bit only"", ""languageVersion"": ""null""}";BWT-ZXX-ZYC-YZW-U1_f8ecb223-5dd0-48b4-ad73-41f7ec851550;2026-09-22 00:00:12.262197+00
e2f4e921-2cdd-4698-b463-e117c8b462de;BWT-ZXX-ZYC-YZW-U1;cancelled;User cancelled language download: Benin;language_list_screen;1789994491855;cancelled;3de161d3576648868cb0e8ce72b5fe81;Benin;;"{""device_model"": ""Redfin 64-bit only"", ""languageVersion"": ""null""}";BWT-ZXX-ZYC-YZW-U1_f8ecb223-5dd0-48b4-ad73-41f7ec851550;2026-09-22 00:00:12.262199+00
9535a54e-ee62-48ed-8428-1788a4f0e39c;BWT-ZXX-ZYC-YZW-U1;selected;User selected language version: French;language_list_screen;1789994496981;selected;f3195a61b68d4fdb84ae729e8d0aaccc;Afghanistan;;"{""device_model"": ""Redfin 64-bit only"", ""languageVersion"": ""null""}";BWT-ZXX-ZYC-YZW-U1_f8ecb223-5dd0-48b4-ad73-41f7ec851550;2026-09-22 00:00:12.262201+00
4726558a-36b3-44c6-8340-a6e67067be10;BWT-ZXX-ZYC-YZW-U1;cancelled;User cancelled language download: French;language_list_screen;1789994499526;cancelled;f3195a61b68d4fdb84ae729e8d0aaccc;French;;"{""device_model"": ""Redfin 64-bit only"", ""languageVersion"": ""null""}";BWT-ZXX-ZYC-YZW-U1_f8ecb223-5dd0-48b4-ad73-41f7ec851550;2026-09-22 00:00:12.262202+00
157c11b7-d365-4bc6-85d1-cece3c5fd1f0;BWT-ZXX-ZYC-YZW-U1;selected;User selected language version: Portuguese;language_list_screen;1789994513376;selected;bd7c3bea339c467f880a8bca6d2ef2c1;Afghanistan;;"{""device_model"": ""Redfin 64-bit only"", ""languageVersion"": ""null""}";BWT-ZXX-ZYC-YZW-U1_f8ecb223-5dd0-48b4-ad73-41f7ec851550;2026-09-22 00:00:12.262204+00
6b3fbc9e-f042-4c3b-bcf2-8c5565272185;BWT-ZXX-ZYC-YZW-U1;cancelled;User cancelled language download: Portuguese;language_list_screen;1789994515881;cancelled;bd7c3bea339c467f880a8bca6d2ef2c1;Portuguese;;"{""device_model"": ""Redfin 64-bit only"", ""languageVersion"": ""null""}";BWT-ZXX-ZYC-YZW-U1_f8ecb223-5dd0-48b4-ad73-41f7ec851550;2026-09-22 00:00:12.262205+00
acb475d4-9fc9-4bd0-85a9-697d29f73842;BWT-ZXX-ZYC-YZW-U1;selected;User selected language version: Afghanistan;language_list_screen;1789994519857;selected;ce6c5142689e4be5abb4f2aed46a688d;Afghanistan;;"{""device_model"": ""Redfin 64-bit only"", ""languageVersion"": ""null""}";BWT-ZXX-ZYC-YZW-U1_f8ecb223-5dd0-48b4-ad73-41f7ec851550;2026-09-22 00:00:12.262207+00
81e026e0-292f-47ed-aa59-7cba24fb9d9c;BWT-ZXX-ZYC-YZW-U1;cancelled;User cancelled language download: Afghanistan;language_list_screen;1789994522359;cancelled;ce6c5142689e4be5abb4f2aed46a688d;Afghanistan;;"{""device_model"": ""Redfin 64-bit only"", ""languageVersion"": ""null""}";BWT-ZXX-ZYC-YZW-U1_f8ecb223-5dd0-48b4-ad73-41f7ec851550;2026-09-22 00:00:12.26221+00
19d26888-4c97-4bf3-9b89-71f456dedc35;BWT-ZXX-ZYC-YZW-U1;selected;User selected language version: Arabic;language_list_screen;1789994525354;selected;d2c99bcb8ce7481bb80583b091c6e715;Afghanistan;;"{""device_model"": ""Redfin 64-bit only"", ""languageVersion"": ""null""}";BWT-ZXX-ZYC-YZW-U1_f8ecb223-5dd0-48b4-ad73-41f7ec851550;2026-09-22 00:00:12.262211+00
9e51e338-846d-4a8c-ae53-6bcc2ce544e6;BWT-ZXX-ZYC-YZW-U1;cancelled;User cancelled language download: Arabic;language_list_screen;1789994527878;cancelled;d2c99bcb8ce7481bb80583b091c6e715;Arabic;;"{""device_model"": ""Redfin 64-bit only"", ""languageVersion"": ""null""}";BWT-ZXX-ZYC-YZW-U1_f8ecb223-5dd0-48b4-ad73-41f7ec851550;2026-09-22 00:00:12.262213+00
f481522f-8dbd-497b-bfe3-4a0227090d7a;BWT-ZXX-ZYC-YZW-U1;selected;User selected language version: French;language_list_screen;1789994536053;selected;f3195a61b68d4fdb84ae729e8d0aaccc;Afghanistan;;"{""device_model"": ""Redfin 64-bit only"", ""languageVersion"": ""null""}";BWT-ZXX-ZYC-YZW-U1_f8ecb223-5dd0-48b4-ad73-41f7ec851550;2026-09-22 00:00:12.262215+00
bf554562-f8f5-45cd-9fca-6a8009875461;BWT-ZXX-ZYC-YZW-U1;cancelled;User cancelled language download: French;language_list_screen;1789994538438;cancelled;f3195a61b68d4fdb84ae729e8d0aaccc;French;;"{""device_model"": ""Redfin 64-bit only"", ""languageVersion"": ""null""}";BWT-ZXX-ZYC-YZW-U1_f8ecb223-5dd0-48b4-ad73-41f7ec851550;2026-09-22 00:00:12.262216+00
f3727710-cd3e-4b1c-8c0c-300319e92985;BWT-ZXX-ZYC-YZW-U1;selected;User selected language version: English;language_list_screen;1789994549197;selected;289c0715e027451abc8edfdb361119bf;Afghanistan;;"{""device_model"": ""Redfin 64-bit only"", ""languageVersion"": ""null""}";BWT-ZXX-ZYC-YZW-U1_f8ecb223-5dd0-48b4-ad73-41f7ec851550;2026-09-22 00:00:12.262218+00
bb47b8a2-fef9-4c04-8fbe-bb8a183504d0;BWT-ZXX-ZYC-YZW-U1;cancelled;User cancelled language download: English;language_list_screen;1789994550538;cancelled;289c0715e027451abc8edfdb361119bf;English;;"{""device_model"": ""Redfin 64-bit only"", ""languageVersion"": ""null""}";BWT-ZXX-ZYC-YZW-U1_f8ecb223-5dd0-48b4-ad73-41f7ec851550;2026-09-22 00:00:12.26222+00
3b3d5838-e3b4-4f3e-8da4-9fb9f9ad3c8b;BWT-ZXX-ZYC-YZW-U1;selected;User selected language version: Nepal - English;language_list_screen;1789994553741;selected;8a2ddf1bc349422892f5f4e9be2b92c5;Afghanistan;;"{""device_model"": ""Redfin 64-bit only"", ""languageVersion"": ""null""}";BWT-ZXX-ZYC-YZW-U1_f8ecb223-5dd0-48b4-ad73-41f7ec851550;2026-09-22 00:00:12.262221+00
92be1dd1-1831-48c1-920c-0abbfb64f9b7;BWT-ZXX-ZYC-YZW-U1;cancelled;User cancelled language download: Nepal - English;language_list_screen;1789994556068;cancelled;8a2ddf1bc349422892f5f4e9be2b92c5;Nepal - English;;"{""device_model"": ""Redfin 64-bit only"", ""languageVersion"": ""null""}";BWT-ZXX-ZYC-YZW-U1_f8ecb223-5dd0-48b4-ad73-41f7ec851550;2026-09-22 00:00:12.262223+00
252aa68f-5991-4704-b2a1-0af782580111;BWT-ZXX-ZYC-YZW-U1;selected;User selected language version: Cambodia;language_list_screen;1789994561230;selected;224d980101ef45ec9810730b87767c37;Afghanistan;;"{""device_model"": ""Redfin 64-bit only"", ""languageVersion"": ""null""}";BWT-ZXX-ZYC-YZW-U1_f8ecb223-5dd0-48b4-ad73-41f7ec851550;2026-09-22 00:00:12.262225+00
a3c80404-f4a3-4eb4-9799-4fd6d7a259bd;BWT-ZXX-ZYC-YZW-U1;cancelled;User cancelled language download: Cambodia;language_list_screen;1789994563494;cancelled;224d980101ef45ec9810730b87767c37;Cambodia;;"{""device_model"": ""Redfin 64-bit only"", ""languageVersion"": ""null""}";BWT-ZXX-ZYC-YZW-U1_f8ecb223-5dd0-48b4-ad73-41f7ec851550;2026-09-22 00:00:12.262226+00
2d0a4b56-7982-4b97-b454-f0d0d87cd3f6;BWT-ZXX-ZYC-YZW-U1;selected;User selected language version: Afghanistan;language_list_screen;1789994566584;selected;ce6c5142689e4be5abb4f2aed46a688d;Afghanistan;;"{""device_model"": ""Redfin 64-bit only"", ""languageVersion"": ""null""}";BWT-ZXX-ZYC-YZW-U1_f8ecb223-5dd0-48b4-ad73-41f7ec851550;2026-09-22 00:00:12.262228+00
"0dc1b634-bbff-4856-aa82-0c7e7a09c84c";BWT-ZXX-ZYC-YZW-U1;cancelled;User cancelled language download: Afghanistan;language_list_screen;1789994568869;cancelled;ce6c5142689e4be5abb4f2aed46a688d;Afghanistan;;"{""device_model"": ""Redfin 64-bit only"", ""languageVersion"": ""null""}";BWT-ZXX-ZYC-YZW-U1_f8ecb223-5dd0-48b4-ad73-41f7ec851550;2026-09-22 00:00:12.26223+00
"0067079d-71af-4c81-88b9-acac13f90343";BWU-DHU-QUH-LOB-U1;selected;User selected language version: English;language_list_screen;1790177954099;selected;289c0715e027451abc8edfdb361119bf;English;;"{""languageVersion"": ""null""}";BWU-DHU-QUH-LOB-U1_453fad6e-be90-43ba-bc15-45fe3b308cfe;2026-09-24 00:00:10.535854+00
289996cb-9f74-4f05-8325-fa9c68d28b31;BWU-DHU-QUH-LOB-U1;downloaded;User confirmed download for language: English;language_list_screen;1790177969166;completed;289c0715e027451abc8edfdb361119bf;English;;"{""languageVersion"": ""null""}";BWU-DHU-QUH-LOB-U1_453fad6e-be90-43ba-bc15-45fe3b308cfe;2026-09-24 00:00:10.535857+00
"057fe383-00b2-4ca6-b71b-5038dcb27c6e";BWU-DHU-QUH-LOB-U1;downloaded;Preparing language assets for download on onboarding screen;onboarding_screen;1790177985744;completed;289c0715e027451abc8edfdb361119bf;English;;;BWU-DHU-QUH-LOB-U1_453fad6e-be90-43ba-bc15-45fe3b308cfe;2026-09-24 00:00:10.538133+00
8989a765-66af-4837-83a3-88dbce32d0bb;BWU-DHU-QUH-LOB-U1;downloaded;Preparing language assets for download on onboarding screen;onboarding_screen;1790215907205;completed;289c0715e027451abc8edfdb361119bf;English;;"{""device_model"": ""SM-A165F""}";BWU-DHU-QUH-LOB-U1_3943c8ef-92da-4cd3-a2de-d5740e4b4850;2026-09-24 12:00:06.831695+00
42396f07-90c0-4b42-a7f8-aeb61036ed2f;BWU-ENN-GOW-KWO-U1;selected;User selected language version: English;language_list_screen;1790244996607;selected;289c0715e027451abc8edfdb361119bf;English;;"{""languageVersion"": ""null""}";BWU-ENN-GOW-KWO-U1_7e8aee8b-c22b-4af3-92eb-b0fcd934da5d;2026-09-24 12:00:07.051627+00
6b748cb1-9def-48ce-b539-97337f16fdbd;BWU-ENN-GOW-KWO-U1;downloaded;User confirmed download for language: English;language_list_screen;1790245000584;completed;289c0715e027451abc8edfdb361119bf;English;;"{""languageVersion"": ""null""}";BWU-ENN-GOW-KWO-U1_7e8aee8b-c22b-4af3-92eb-b0fcd934da5d;2026-09-24 12:00:07.051631+00
33990d5b-ffd3-4fb5-aa3c-282f7f62c3ce;BWU-ENN-GOW-KWO-U1;selected;User selected language version: English;language_list_screen;1790246268417;selected;289c0715e027451abc8edfdb361119bf;English;;"{""device_model"": ""SM-A055F"", ""languageVersion"": ""null""}";BWU-ENN-GOW-KWO-U1_dbd5bf98-987f-425f-bb0c-ddc3d4ca6a42;2026-09-24 12:00:07.085985+00
74dca337-3ac5-47ec-998c-9a56fbf8f2f8;BWU-ENN-GOW-KWO-U1;downloaded;User confirmed download for language: English;language_list_screen;1790246270063;completed;289c0715e027451abc8edfdb361119bf;English;;"{""device_model"": ""SM-A055F"", ""languageVersion"": ""null""}";BWU-ENN-GOW-KWO-U1_dbd5bf98-987f-425f-bb0c-ddc3d4ca6a42;2026-09-24 12:00:07.085988+00
c59f6053-ec25-4919-a27b-eb9ff865cbe4;BWU-ENN-GOW-KWO-U1;downloaded;User confirmed download for language: English;language_list_screen;1790246272256;completed;289c0715e027451abc8edfdb361119bf;English;;"{""device_model"": ""SM-A055F"", ""languageVersion"": ""null""}";BWU-ENN-GOW-KWO-U1_dbd5bf98-987f-425f-bb0c-ddc3d4ca6a42;2026-09-24 12:00:07.08599+00
5d25074d-b2aa-4eff-ba80-3592701e60cb;BWU-ENN-GOW-KWO-U1;downloaded;User confirmed download for language: English;language_list_screen;1790246273666;completed;289c0715e027451abc8edfdb361119bf;English;;"{""device_model"": ""SM-A055F"", ""languageVersion"": ""null""}";BWU-ENN-GOW-KWO-U1_dbd5bf98-987f-425f-bb0c-ddc3d4ca6a42;2026-09-24 12:00:07.085992+00
fb1997bc-462b-4540-b5aa-52b5b5647ada;BWU-ENN-GOW-KWO-U1;downloaded;User confirmed download for language: English;language_list_screen;1790246275071;completed;289c0715e027451abc8edfdb361119bf;English;;"{""device_model"": ""SM-A055F"", ""languageVersion"": ""null""}";BWU-ENN-GOW-KWO-U1_dbd5bf98-987f-425f-bb0c-ddc3d4ca6a42;2026-09-24 12:00:07.085994+00
a895dea0-e255-4c96-89ee-a52bd3281ff9;BWU-ENN-GOW-KWO-U1;downloaded;User confirmed download for language: English;language_list_screen;1790246276292;completed;289c0715e027451abc8edfdb361119bf;English;;"{""device_model"": ""SM-A055F"", ""languageVersion"": ""null""}";BWU-ENN-GOW-KWO-U1_dbd5bf98-987f-425f-bb0c-ddc3d4ca6a42;2026-09-24 12:00:07.085995+00
ed8b3ba0-358f-4950-8a3b-7a8415b5ecc8;BWU-ENN-GOW-KWO-U1;downloaded;User confirmed download for language: English;language_list_screen;1790246277506;completed;289c0715e027451abc8edfdb361119bf;English;;"{""device_model"": ""SM-A055F"", ""languageVersion"": ""null""}";BWU-ENN-GOW-KWO-U1_dbd5bf98-987f-425f-bb0c-ddc3d4ca6a42;2026-09-24 12:00:07.085997+00
6e5af232-cc89-41b4-a977-5565129ad8a0;BWU-ENN-GOW-KWO-U1;cancelled;User cancelled language download: English;language_list_screen;1790246279221;cancelled;289c0715e027451abc8edfdb361119bf;English;;"{""device_model"": ""SM-A055F"", ""languageVersion"": ""null""}";BWU-ENN-GOW-KWO-U1_dbd5bf98-987f-425f-bb0c-ddc3d4ca6a42;2026-09-24 12:00:07.085999+00
da898cf7-bbf0-497b-ab6d-3a6784863aad;BWU-ENN-GOW-KWO-U1;selected;User selected language version: English;language_list_screen;1790246280622;selected;289c0715e027451abc8edfdb361119bf;English;;"{""device_model"": ""SM-A055F"", ""languageVersion"": ""null""}";BWU-ENN-GOW-KWO-U1_dbd5bf98-987f-425f-bb0c-ddc3d4ca6a42;2026-09-24 12:00:07.086001+00
b7181068-ff2f-4576-8dd8-0f3c63e80f2d;BWU-ENN-GOW-KWO-U1;downloaded;User confirmed download for language: English;language_list_screen;1790246281628;completed;289c0715e027451abc8edfdb361119bf;English;;"{""device_model"": ""SM-A055F"", ""languageVersion"": ""null""}";BWU-ENN-GOW-KWO-U1_dbd5bf98-987f-425f-bb0c-ddc3d4ca6a42;2026-09-24 12:00:07.086002+00
c653a264-62e8-4f68-99db-012e5d2ff68f;BWU-ENN-GOW-KWO-U1;cancelled;User cancelled language download: English;language_list_screen;1790246282684;cancelled;289c0715e027451abc8edfdb361119bf;English;;"{""device_model"": ""SM-A055F"", ""languageVersion"": ""null""}";BWU-ENN-GOW-KWO-U1_dbd5bf98-987f-425f-bb0c-ddc3d4ca6a42;2026-09-24 12:00:07.086004+00
f6da0b27-77e0-4dd8-a28c-2c2911f4eb86;BWU-ENN-GOW-KWO-U1;selected;User selected language version: English;language_list_screen;1790247709514;selected;289c0715e027451abc8edfdb361119bf;Ethiopia - English;;"{""languageVersion"": ""null""}";BWU-ENN-GOW-KWO-U1_826ae63e-99b3-4690-95d3-b20c9e4db8a1;2026-09-24 12:00:07.118717+00
34364132-e16b-47d7-a4bc-fd87c32a5b0b;BWU-ENN-GOW-KWO-U1;downloaded;User confirmed download for language: English;language_list_screen;1790247710885;completed;289c0715e027451abc8edfdb361119bf;Ethiopia - English;;"{""languageVersion"": ""null""}";BWU-ENN-GOW-KWO-U1_826ae63e-99b3-4690-95d3-b20c9e4db8a1;2026-09-24 12:00:07.118719+00
bae56628-9daf-439d-8c93-4f52fb25d5e1;BWU-ENN-GOW-KWO-U1;downloaded;User confirmed download for language: English;language_list_screen;1790247713232;completed;289c0715e027451abc8edfdb361119bf;Ethiopia - English;;"{""languageVersion"": ""null""}";BWU-ENN-GOW-KWO-U1_826ae63e-99b3-4690-95d3-b20c9e4db8a1;2026-09-24 12:00:07.118721+00
34478d13-f044-4b3c-a3fb-aa4db785b7a1;BWU-ENN-GOW-KWO-U1;downloaded;User confirmed download for language: English;language_list_screen;1790247714304;completed;289c0715e027451abc8edfdb361119bf;Ethiopia - English;;"{""languageVersion"": ""null""}";BWU-ENN-GOW-KWO-U1_826ae63e-99b3-4690-95d3-b20c9e4db8a1;2026-09-24 12:00:07.118723+00
44d676fa-e8f0-42ea-8b40-4ae148c713a7;BWU-ENN-GOW-KWO-U1;downloaded;User confirmed download for language: English;language_list_screen;1790247715461;completed;289c0715e027451abc8edfdb361119bf;Ethiopia - English;;"{""languageVersion"": ""null""}";BWU-ENN-GOW-KWO-U1_826ae63e-99b3-4690-95d3-b20c9e4db8a1;2026-09-24 12:00:07.118725+00
875a6b41-1fbf-43aa-94f0-c14f616b4cf5;BWU-ENN-GOW-KWO-U1;downloaded;User confirmed download for language: English;language_list_screen;1790247717436;completed;289c0715e027451abc8edfdb361119bf;Ethiopia - English;;"{""languageVersion"": ""null""}";BWU-ENN-GOW-KWO-U1_826ae63e-99b3-4690-95d3-b20c9e4db8a1;2026-09-24 12:00:07.118726+00
d9511851-cf31-4f0d-9243-0e022c7b4bc7;BWU-ENN-GOW-KWO-U1;downloaded;User confirmed download for language: English;language_list_screen;1790247718937;completed;289c0715e027451abc8edfdb361119bf;Ethiopia - English;;"{""languageVersion"": ""null""}";BWU-ENN-GOW-KWO-U1_826ae63e-99b3-4690-95d3-b20c9e4db8a1;2026-09-24 12:00:07.118728+00
2a7fa21a-1b87-4ab0-a78d-3ee8bc987090;BWU-ENN-GOW-KWO-U1;downloaded;User confirmed download for language: English;language_list_screen;1790247722710;completed;289c0715e027451abc8edfdb361119bf;Ethiopia - English;;"{""languageVersion"": ""null""}";BWU-ENN-GOW-KWO-U1_826ae63e-99b3-4690-95d3-b20c9e4db8a1;2026-09-24 12:00:07.11873+00
ee26b39b-f040-4731-9e3a-e06dd21d35d1;BWU-ENN-GOW-KWO-U1;downloaded;User confirmed download for language: English;language_list_screen;1790247722945;completed;289c0715e027451abc8edfdb361119bf;Ethiopia - English;;"{""languageVersion"": ""null""}";BWU-ENN-GOW-KWO-U1_826ae63e-99b3-4690-95d3-b20c9e4db8a1;2026-09-24 12:00:07.118731+00
c7bc9daf-64ee-45b9-a87c-d68203d900f6;BWU-ENN-GOW-KWO-U1;downloaded;User confirmed download for language: English;language_list_screen;1790247723292;completed;289c0715e027451abc8edfdb361119bf;Ethiopia - English;;"{""languageVersion"": ""null""}";BWU-ENN-GOW-KWO-U1_826ae63e-99b3-4690-95d3-b20c9e4db8a1;2026-09-24 12:00:07.118733+00
"09d16024-8c29-429b-82a7-fbd9b908dcfb";BWU-ENN-GOW-KWO-U1;downloaded;User confirmed download for language: English;language_list_screen;1790247723772;completed;289c0715e027451abc8edfdb361119bf;Ethiopia - English;;"{""languageVersion"": ""null""}";BWU-ENN-GOW-KWO-U1_826ae63e-99b3-4690-95d3-b20c9e4db8a1;2026-09-24 12:00:07.118734+00
"0ae75f7b-e2d9-402e-b550-7a9ab76858e0";BWU-ENN-GOW-KWO-U1;downloaded;User confirmed download for language: English;language_list_screen;1790247724171;completed;289c0715e027451abc8edfdb361119bf;Ethiopia - English;;"{""languageVersion"": ""null""}";BWU-ENN-GOW-KWO-U1_826ae63e-99b3-4690-95d3-b20c9e4db8a1;2026-09-24 12:00:07.118736+00
18e39797-edec-4a5f-a580-694207583419;BWU-ENN-GOW-KWO-U1;downloaded;User confirmed download for language: English;language_list_screen;1790247727683;completed;289c0715e027451abc8edfdb361119bf;Ethiopia - English;;"{""languageVersion"": ""null""}";BWU-ENN-GOW-KWO-U1_826ae63e-99b3-4690-95d3-b20c9e4db8a1;2026-09-24 12:00:07.118738+00
1f3f4330-2c74-45b7-baf2-090c56c75c25;BWU-ENN-GOW-KWO-U1;downloaded;User confirmed download for language: English;language_list_screen;1790247728715;completed;289c0715e027451abc8edfdb361119bf;Ethiopia - English;;"{""languageVersion"": ""null""}";BWU-ENN-GOW-KWO-U1_826ae63e-99b3-4690-95d3-b20c9e4db8a1;2026-09-24 12:00:07.11874+00
e57ee19a-1f50-48ba-8241-5f0acba9dac8;BWU-ENN-GOW-KWO-U1;downloaded;User confirmed download for language: English;language_list_screen;1790247729192;completed;289c0715e027451abc8edfdb361119bf;Ethiopia - English;;"{""languageVersion"": ""null""}";BWU-ENN-GOW-KWO-U1_826ae63e-99b3-4690-95d3-b20c9e4db8a1;2026-09-24 12:00:07.118742+00
9a8aad17-cf73-430d-9d80-127352284625;BWU-ENN-GOW-KWO-U1;cancelled;User cancelled language download: English;language_list_screen;1790247731846;cancelled;289c0715e027451abc8edfdb361119bf;English;;"{""languageVersion"": ""null""}";BWU-ENN-GOW-KWO-U1_826ae63e-99b3-4690-95d3-b20c9e4db8a1;2026-09-24 12:00:07.118743+00
7d2876bc-6c05-433e-bc17-0570e91ae067;BWU-ENN-GOW-KWO-U1;selected;User selected language version: Ethiopia - English;language_list_screen;1790247779007;selected;d6e10239c4eb4b90b3cbb9ae1986907d;Ethiopia - English;;"{""languageVersion"": ""null""}";BWU-ENN-GOW-KWO-U1_826ae63e-99b3-4690-95d3-b20c9e4db8a1;2026-09-24 12:00:07.118745+00
e049c78b-66de-499c-859a-c5959efc2fcc;BWU-ENN-GOW-KWO-U1;downloaded;User confirmed download for language: Ethiopia - English;language_list_screen;1790247780728;completed;d6e10239c4eb4b90b3cbb9ae1986907d;Ethiopia - English;;"{""languageVersion"": ""null""}";BWU-ENN-GOW-KWO-U1_826ae63e-99b3-4690-95d3-b20c9e4db8a1;2026-09-24 12:00:07.118747+00
40390f72-9fe0-4c15-9173-a99f556f2450;BWU-ENN-GOW-KWO-U1;downloaded;Preparing language assets for download on onboarding screen;onboarding_screen;1790247864080;completed;d6e10239c4eb4b90b3cbb9ae1986907d;Ethiopia - English;;;BWU-ENN-GOW-KWO-U1_826ae63e-99b3-4690-95d3-b20c9e4db8a1;2026-09-24 12:00:07.119832+00
31d43e0a-20a1-4fea-8c58-9357f972345d;BWU-ENN-GOW-KWO-U1;downloaded;Preparing language assets for download on onboarding screen;onboarding_screen;1790250018408;completed;d6e10239c4eb4b90b3cbb9ae1986907d;Ethiopia - English;;;BWU-ENN-GOW-KWO-U1_616f749e-4c0e-46f9-9e51-813f6d6775b9;2026-09-24 12:00:07.338285+00
f5424473-315f-47ff-b356-4bd08946735b;BWU-ENN-GOW-KWO-U1;downloaded;Preparing language assets for download on onboarding screen;onboarding_screen;1790251376356;completed;d6e10239c4eb4b90b3cbb9ae1986907d;Ethiopia - English;;"{""device_model"": ""SM-A055F""}";BWU-ENN-GOW-KWO-U1_6a880c3d-09b2-4695-af27-719b16a7cd44;2026-09-25 00:00:31.149876+00
686b237a-7345-473a-a05b-edc4d08a9ddb;BWU-FXC-FUO-TLW-U1;selected;User selected language version: Nepal - English;language_list_screen;1790318495671;selected;8a2ddf1bc349422892f5f4e9be2b92c5;Nepal - English;;"{""device_model"": ""M2102J20SI"", ""languageVersion"": ""null""}";BWU-FXC-FUO-TLW-U1_de9a05fe-9451-4bec-abce-d5798eb56415;2026-09-25 12:00:14.635873+00
b386aa3a-cdc7-42f9-a031-f26691f009d7;BWU-FXC-FUO-TLW-U1;downloaded;Download without videos: Nepal - English;language_list_screen;1790318497745;completed;8a2ddf1bc349422892f5f4e9be2b92c5;Nepal - English;1;"{""device_model"": ""M2102J20SI"", ""languageVersion"": ""null""}";BWU-FXC-FUO-TLW-U1_de9a05fe-9451-4bec-abce-d5798eb56415;2026-09-25 12:00:14.635877+00
204bf527-adf5-4de4-ac3b-eb43f37bf8c0;BWU-FXC-FUO-TLW-U1;downloaded;Preparing language assets for download on onboarding screen;onboarding_screen;1790318507897;completed;8a2ddf1bc349422892f5f4e9be2b92c5;Nepal - English;;"{""device_model"": ""M2102J20SI""}";BWU-FXC-FUO-TLW-U1_de9a05fe-9451-4bec-abce-d5798eb56415;2026-09-25 12:00:14.635879+00
9593f732-0a21-4b7a-a097-dafe94590b15;BWU-ENN-GOW-KWO-U1;downloaded;Preparing language assets for download on onboarding screen;onboarding_screen;1790254032808;completed;d6e10239c4eb4b90b3cbb9ae1986907d;Ethiopia - English;;"{""device_model"": ""SM-A055F""}";BWU-ENN-GOW-KWO-U1_dfb2a6a4-f258-4b10-b85a-379ad2185f88;2026-09-26 00:00:09.433484+00
f196c5da-5d4b-42ba-9b7d-d97741976f5c;BWU-ENN-GOW-KWO-U1;downloaded;Preparing language assets for download on onboarding screen;onboarding_screen;1790345706726;completed;d6e10239c4eb4b90b3cbb9ae1986907d;Ethiopia - English;;"{""device_model"": ""SM-A055F""}";BWU-ENN-GOW-KWO-U1_dfb2a6a4-f258-4b10-b85a-379ad2185f88;2026-09-26 00:00:09.433487+00
995ba968-6206-455a-a679-5ac03e388087;BWU-HNR-NYQ-CYX-U1;selected;User selected language version: English;language_list_screen;1790407404874;selected;289c0715e027451abc8edfdb361119bf;English;;"{""languageVersion"": ""null""}";BWU-HNR-NYQ-CYX-U1_c9c5c6ea-b864-46ec-9ed8-0ededd659f38;2026-09-26 12:00:21.289802+00
a782ddbb-c6fe-45d6-b4bf-b643efa92a30;BWU-HNR-NYQ-CYX-U1;downloaded;User confirmed download for language: English;language_list_screen;1790407410978;completed;289c0715e027451abc8edfdb361119bf;English;;"{""languageVersion"": ""null""}";BWU-HNR-NYQ-CYX-U1_c9c5c6ea-b864-46ec-9ed8-0ededd659f38;2026-09-26 12:00:21.289805+00
62df1dd8-b120-4534-ad87-b7ea74913ebf;BWU-HNR-NYQ-CYX-U1;downloaded;Preparing language assets for download on onboarding screen;onboarding_screen;1790407449907;completed;289c0715e027451abc8edfdb361119bf;English;;;BWU-HNR-NYQ-CYX-U1_c9c5c6ea-b864-46ec-9ed8-0ededd659f38;2026-09-26 12:00:21.290413+00
1fd36ea1-a811-49be-be36-a0594e5ab240;BWU-HXU-JPR-XKX-U1;downloaded;Preparing language assets for download on onboarding screen;onboarding_screen;1790428530495;completed;7cf6efab-a9d7-54d2-2cbd-ec82efe4a7da;null;;;BWU-HXU-JPR-XKX-U1_b37f9011-0c1f-4159-9776-a44aa34e79f5;2026-09-27 00:00:42.275417+00
bfba8de9-64ea-4d04-9f77-13bcf75f14cb;BWU-HXU-JPR-XKX-U1;downloaded;Preparing language assets for download on onboarding screen;onboarding_screen;1790499345514;completed;7cf6efab-a9d7-54d2-2cbd-ec82efe4a7da;null;;;BWU-HXU-JPR-XKX-U1_dfd9a04e-3ae0-4aa6-a3dc-c26f95ddd7b0;2026-09-27 12:00:59.625489+00
59f77069-7bf9-4e5f-95e5-2c84f54e73f6;BWU-KUP-TCR-APT-U1;downloaded;Preparing language assets for download on onboarding screen;onboarding_screen;1790584807476;completed;cca954e8-6c14-6924-6990-010cd19c7919;null;;"{""device_model"": ""M2102J20SI""}";BWU-KUP-TCR-APT-U1_b57138d7-d456-435d-b8be-09cc3e26258a;2026-09-28 12:00:16.967253+00
e41184c0-0527-4f08-bb2c-34675ea796a3;BWU-KUP-TCR-APT-U1;selected;User selected language version: Ethiopia - English;language_list_screen;1790590005969;selected;d6e10239c4eb4b90b3cbb9ae1986907d;Ethiopia - English;;"{""device_model"": ""M2102J20SI"", ""languageVersion"": ""null""}";BWU-KUP-TCR-APT-U1_11bda710-2be8-4ca9-a304-ba8e8cc7062d;2026-09-28 12:00:17.346972+00
c53a279a-4e89-4734-90a5-26ee57833896;BWU-KUP-TCR-APT-U1;downloaded;Download without videos: Ethiopia - English;language_list_screen;1790590013593;completed;d6e10239c4eb4b90b3cbb9ae1986907d;Ethiopia - English;1;"{""device_model"": ""M2102J20SI"", ""languageVersion"": ""null""}";BWU-KUP-TCR-APT-U1_11bda710-2be8-4ca9-a304-ba8e8cc7062d;2026-09-28 12:00:17.346975+00
466d873d-eec2-4310-a16a-9dfc0463ddbe;BWU-KZJ-AGK-PSP-U1;selected;User selected language version: English;language_list_screen;1790594679307;selected;289c0715e027451abc8edfdb361119bf;English;;"{""device_model"": ""SM-G991U"", ""languageVersion"": ""null""}";BWU-KZJ-AGK-PSP-U1_64e1c29e-0469-4966-8cca-73f03164abbb;2026-09-28 12:00:17.409062+00
"027027c4-8c84-44af-aad4-25a197b25971";BWU-KZJ-AGK-PSP-U1;downloaded;User confirmed download for language: English;language_list_screen;1790594692199;completed;289c0715e027451abc8edfdb361119bf;English;;"{""languageVersion"": ""null""}";BWU-KZJ-AGK-PSP-U1_c5cc21dc-82b4-45fd-b8b1-e8ea1d8ddfb4;2026-09-28 12:00:17.444926+00
e1fecddf-5996-463e-9b14-8d514a24c900;BWU-KZJ-AGK-PSP-U1;cancelled;User cancelled language download: English;language_list_screen;1790594716858;cancelled;289c0715e027451abc8edfdb361119bf;English;;"{""languageVersion"": ""null""}";BWU-KZJ-AGK-PSP-U1_c5cc21dc-82b4-45fd-b8b1-e8ea1d8ddfb4;2026-09-28 12:00:17.444929+00
b1ea86d9-99fd-42fd-9090-0fafc723eb94;BWU-KZJ-AGK-PSP-U1;selected;User selected language version: English;language_list_screen;1790594718459;selected;289c0715e027451abc8edfdb361119bf;English;;"{""languageVersion"": ""null""}";BWU-KZJ-AGK-PSP-U1_c5cc21dc-82b4-45fd-b8b1-e8ea1d8ddfb4;2026-09-28 12:00:17.444931+00
b2b5ae9d-2d03-4ffa-9967-cd0c5888e42b;BWU-KZJ-AGK-PSP-U1;downloaded;Preparing language assets for download on onboarding screen;onboarding_screen;1790594809009;completed;289c0715e027451abc8edfdb361119bf;English;;;BWU-KZJ-AGK-PSP-U1_f34a258c-8d01-41c5-9639-f6513a2de5da;2026-09-28 12:00:17.549921+00
b259687d-67b0-497e-b733-479d4c0a5555;BWU-KZK-PBQ-JEV-U1;selected;User selected language version: English;language_list_screen;1790594797917;selected;289c0715e027451abc8edfdb361119bf;Uzbekistan - Uzbek;;"{""device_model"": ""SM-A032F"", ""languageVersion"": ""null""}";BWU-KZK-PBQ-JEV-U1_2e324e66-20db-44ec-8999-5b1dafb115d7;2026-09-29 00:00:33.148862+00
b02c7f38-1818-45cd-8c32-8b4d10f20501;BWU-KZK-PBQ-JEV-U1;downloaded;User confirmed download for language: English;language_list_screen;1790594805667;completed;289c0715e027451abc8edfdb361119bf;Uzbekistan - Uzbek;;"{""device_model"": ""SM-A032F"", ""languageVersion"": ""null""}";BWU-KZK-PBQ-JEV-U1_2e324e66-20db-44ec-8999-5b1dafb115d7;2026-09-29 00:00:33.148865+00
a7b015a9-d153-438b-8773-bbe865e54b3c;BWU-KZK-PBQ-JEV-U1;cancelled;User cancelled language download: English;language_list_screen;1790594858070;cancelled;289c0715e027451abc8edfdb361119bf;English;;"{""device_model"": ""SM-A032F"", ""languageVersion"": ""null""}";BWU-KZK-PBQ-JEV-U1_2e324e66-20db-44ec-8999-5b1dafb115d7;2026-09-29 00:00:33.148867+00
445b8ef1-4909-4377-bbac-a76a7c98641e;BWU-KZK-PBQ-JEV-U1;selected;User selected language version: English;language_list_screen;1790594858874;selected;289c0715e027451abc8edfdb361119bf;Uzbekistan - Uzbek;;"{""device_model"": ""SM-A032F"", ""languageVersion"": ""null""}";BWU-KZK-PBQ-JEV-U1_2e324e66-20db-44ec-8999-5b1dafb115d7;2026-09-29 00:00:33.148869+00
7aa13d1a-f7b0-40f0-a7f9-b16eda1eb043;BWU-KZK-PBQ-JEV-U1;downloaded;User confirmed download for language: English;language_list_screen;1790594882205;completed;289c0715e027451abc8edfdb361119bf;Uzbekistan - Uzbek;;"{""device_model"": ""SM-A032F"", ""languageVersion"": ""null""}";BWU-KZK-PBQ-JEV-U1_2e324e66-20db-44ec-8999-5b1dafb115d7;2026-09-29 00:00:33.148871+00
33da9051-6293-4733-9c6c-d4cb9b9a3f56;BWU-KZK-PBQ-JEV-U1;cancelled;User cancelled language download: English;language_list_screen;1790594915288;cancelled;289c0715e027451abc8edfdb361119bf;English;;"{""device_model"": ""SM-A032F"", ""languageVersion"": ""null""}";BWU-KZK-PBQ-JEV-U1_2e324e66-20db-44ec-8999-5b1dafb115d7;2026-09-29 00:00:33.148873+00
118e2c88-0282-4913-a6f7-007bf43a38a9;BWU-KZK-PBQ-JEV-U1;selected;User selected language version: English;language_list_screen;1790595183962;selected;289c0715e027451abc8edfdb361119bf;Uzbekistan - Uzbek;;"{""device_model"": ""SM-A032F"", ""languageVersion"": ""null""}";BWU-KZK-PBQ-JEV-U1_2e324e66-20db-44ec-8999-5b1dafb115d7;2026-09-29 00:00:33.148875+00
472fcd84-7924-4cab-a6a5-0e7432f70f84;BWU-KZK-PBQ-JEV-U1;downloaded;User confirmed download for language: English;language_list_screen;1790595185020;completed;289c0715e027451abc8edfdb361119bf;Uzbekistan - Uzbek;;"{""device_model"": ""SM-A032F"", ""languageVersion"": ""null""}";BWU-KZK-PBQ-JEV-U1_2e324e66-20db-44ec-8999-5b1dafb115d7;2026-09-29 00:00:33.148876+00
9b47ca1f-e712-4607-bca5-b41ec90236e0;BWU-KZK-PBQ-JEV-U1;cancelled;User cancelled language download: English;language_list_screen;1790595245134;cancelled;289c0715e027451abc8edfdb361119bf;English;;"{""device_model"": ""SM-A032F"", ""languageVersion"": ""null""}";BWU-KZK-PBQ-JEV-U1_2e324e66-20db-44ec-8999-5b1dafb115d7;2026-09-29 00:00:33.148878+00
ea7a4bba-44fd-4f64-9544-35a9c3d9b4fd;BWU-KZK-PBQ-JEV-U1;selected;User selected language version: English;language_list_screen;1790595249717;selected;289c0715e027451abc8edfdb361119bf;Uzbekistan - Uzbek;;"{""device_model"": ""SM-A032F"", ""languageVersion"": ""null""}";BWU-KZK-PBQ-JEV-U1_2e324e66-20db-44ec-8999-5b1dafb115d7;2026-09-29 00:00:33.148879+00
228b6b74-0081-4198-adba-7a990a134937;BWU-KZK-PBQ-JEV-U1;downloaded;User confirmed download for language: English;language_list_screen;1790595251229;completed;289c0715e027451abc8edfdb361119bf;Uzbekistan - Uzbek;;"{""device_model"": ""SM-A032F"", ""languageVersion"": ""null""}";BWU-KZK-PBQ-JEV-U1_2e324e66-20db-44ec-8999-5b1dafb115d7;2026-09-29 00:00:33.148881+00
e3ce0ec2-005f-47ca-9e8d-1e91272dd713;BWU-KZK-PBQ-JEV-U1;downloaded;Download without videos: English;language_list_screen;1790595330815;completed;289c0715e027451abc8edfdb361119bf;English;1;"{""device_model"": ""SM-A032F"", ""languageVersion"": ""null""}";BWU-KZK-PBQ-JEV-U1_2e324e66-20db-44ec-8999-5b1dafb115d7;2026-09-29 00:00:33.148882+00
9c48dee0-f5ed-40ae-aecf-4964e27bf5cf;BWU-KZK-PBQ-JEV-U1;cancelled;User cancelled language download: English;language_list_screen;1790595382979;cancelled;289c0715e027451abc8edfdb361119bf;English;;"{""device_model"": ""SM-A032F"", ""languageVersion"": ""null""}";BWU-KZK-PBQ-JEV-U1_2e324e66-20db-44ec-8999-5b1dafb115d7;2026-09-29 00:00:33.148884+00
c901355c-be8a-4ee8-87a5-13b265e37e02;BWU-KZK-PBQ-JEV-U1;selected;User selected language version: English;language_list_screen;1790595389796;selected;289c0715e027451abc8edfdb361119bf;Uzbekistan - Uzbek;;"{""device_model"": ""SM-A032F"", ""languageVersion"": ""null""}";BWU-KZK-PBQ-JEV-U1_2e324e66-20db-44ec-8999-5b1dafb115d7;2026-09-29 00:00:33.148886+00
d5148127-725f-4ed9-bbee-f815d54bee76;BWU-KZK-PBQ-JEV-U1;downloaded;User confirmed download for language: English;language_list_screen;1790595391543;completed;289c0715e027451abc8edfdb361119bf;Uzbekistan - Uzbek;;"{""device_model"": ""SM-A032F"", ""languageVersion"": ""null""}";BWU-KZK-PBQ-JEV-U1_2e324e66-20db-44ec-8999-5b1dafb115d7;2026-09-29 00:00:33.148887+00
803b237a-f0dd-4ac5-919e-f51a2d988062;BWU-KZK-PBQ-JEV-U1;cancelled;User cancelled language download: English;language_list_screen;1790595426550;cancelled;289c0715e027451abc8edfdb361119bf;English;;"{""device_model"": ""SM-A032F"", ""languageVersion"": ""null""}";BWU-KZK-PBQ-JEV-U1_2e324e66-20db-44ec-8999-5b1dafb115d7;2026-09-29 00:00:33.148889+00
f2135d11-02bb-41b9-92f9-deb148c3906e;BWU-KZK-PBQ-JEV-U1;selected;User selected language version: English;language_list_screen;1790595428570;selected;289c0715e027451abc8edfdb361119bf;Uzbekistan - Uzbek;;"{""device_model"": ""SM-A032F"", ""languageVersion"": ""null""}";BWU-KZK-PBQ-JEV-U1_2e324e66-20db-44ec-8999-5b1dafb115d7;2026-09-29 00:00:33.148891+00
a1c566be-48c2-4d10-b70f-56897184fa16;BWU-KZK-PBQ-JEV-U1;downloaded;User confirmed download for language: English;language_list_screen;1790595464990;completed;289c0715e027451abc8edfdb361119bf;Uzbekistan - Uzbek;;"{""device_model"": ""SM-A032F"", ""languageVersion"": ""null""}";BWU-KZK-PBQ-JEV-U1_2e324e66-20db-44ec-8999-5b1dafb115d7;2026-09-29 00:00:33.148892+00
db52fef1-a163-46a8-a79e-80c0975168e9;BWU-KZK-PBQ-JEV-U1;cancelled;User cancelled language download: English;language_list_screen;1790595713023;cancelled;289c0715e027451abc8edfdb361119bf;English;;"{""device_model"": ""SM-A032F"", ""languageVersion"": ""null""}";BWU-KZK-PBQ-JEV-U1_2e324e66-20db-44ec-8999-5b1dafb115d7;2026-09-29 00:00:33.148894+00
b3bfacca-37f8-49bc-9783-bf02a7b4b200;BWU-KZK-PBQ-JEV-U1;selected;User selected language version: Uzbekistan - Uzbek;language_list_screen;1790595720837;selected;a1cdbc5e48b74dbca1a3fdc4842f8f4a;Uzbekistan - Uzbek;;"{""device_model"": ""SM-A032F"", ""languageVersion"": ""null""}";BWU-KZK-PBQ-JEV-U1_2e324e66-20db-44ec-8999-5b1dafb115d7;2026-09-29 00:00:33.148895+00
70e53f70-e049-43d4-abbf-3771e9d8600b;BWU-KZK-PBQ-JEV-U1;selected;User selected language version: English;language_list_screen;1790599003519;selected;289c0715e027451abc8edfdb361119bf;English;;"{""device_model"": ""SM-A032F"", ""languageVersion"": ""null""}";BWU-KZK-PBQ-JEV-U1_5fc2357a-0855-43f7-b0f8-717c89964d93;2026-09-29 00:00:33.200204+00
21682d71-b074-46bd-b568-308c850e910f;BWU-KZK-PBQ-JEV-U1;downloaded;User confirmed download for language: English;language_list_screen;1790599004714;completed;289c0715e027451abc8edfdb361119bf;English;;"{""device_model"": ""SM-A032F"", ""languageVersion"": ""null""}";BWU-KZK-PBQ-JEV-U1_5fc2357a-0855-43f7-b0f8-717c89964d93;2026-09-29 00:00:33.200207+00
d15da939-0ca1-4e98-be33-23d35f75e883;BWU-KZK-PBQ-JEV-U1;downloaded;Preparing language assets for download on onboarding screen;onboarding_screen;1790599060827;completed;289c0715e027451abc8edfdb361119bf;English;;"{""device_model"": ""SM-A032F""}";BWU-KZK-PBQ-JEV-U1_5fc2357a-0855-43f7-b0f8-717c89964d93;2026-09-29 00:00:33.200209+00
2b104f36-4c60-4079-a1b0-28c6255d5878;BWU-KZK-PBQ-JEV-U1;downloaded;Preparing language assets for download on onboarding screen;onboarding_screen;1790601585764;completed;289c0715e027451abc8edfdb361119bf;English;;;BWU-KZK-PBQ-JEV-U1_f3465c3b-5086-477e-b9a4-2bd690c04b98;2026-09-29 00:00:33.244931+00
b3259f29-8479-4d8a-85dc-95477aa1a768;BWU-KZK-PBQ-JEV-U1;downloaded;Preparing language assets for download on onboarding screen;onboarding_screen;1790608474420;completed;289c0715e027451abc8edfdb361119bf;English;;;BWU-KZK-PBQ-JEV-U1_bb3b6669-2054-449d-b50f-2689ffd9883d;2026-09-29 00:00:33.379487+00
30e3ecb7-a174-480d-a2b0-87e3f32b1ce7;BWU-LKN-LQU-LCK-U1;selected;User selected language version: English;language_list_screen;1790618007404;selected;289c0715e027451abc8edfdb361119bf;English;;"{""device_model"": ""SM-A566B"", ""languageVersion"": ""null""}";BWU-LKN-LQU-LCK-U1_f4cc68b6-4457-4457-a1d6-a80cb9636d06;2026-09-29 00:00:33.568089+00
6b40d2dc-3e18-498f-a0cb-ca6e1c2b6a5a;BWU-LKN-LQU-LCK-U1;downloaded;Download without videos: English;language_list_screen;1790618014005;completed;289c0715e027451abc8edfdb361119bf;English;1;"{""device_model"": ""SM-A566B"", ""languageVersion"": ""null""}";BWU-LKN-LQU-LCK-U1_f4cc68b6-4457-4457-a1d6-a80cb9636d06;2026-09-29 00:00:33.568092+00
8d66cf0f-14c2-495b-b8ad-af252efd484a;BWU-LKN-LQU-LCK-U1;downloaded;Preparing language assets for download on onboarding screen;onboarding_screen;1790618036634;completed;289c0715e027451abc8edfdb361119bf;English;;"{""device_model"": ""SM-A566B""}";BWU-LKN-LQU-LCK-U1_f4cc68b6-4457-4457-a1d6-a80cb9636d06;2026-09-29 00:00:33.568094+00
